loan_id,loan_status,age_woe,income_woe,employment_years_woe,credit_score_woe,loan_amount_woe,loan_term_months_woe,interest_rate_woe,debt_to_income_woe,home_ownership_woe,loan_purpose_woe,previous_defaults_woe
L000950,1,0.007869164649343572,-0.42654351949368957,-0.02030171231735279,0.43334500139536397,-0.09238743909030678,-0.008714963366191718,0.7030975114131134,-0.4041677086220552,0.15305117449384148,-0.0073983074814449245,-0.828378859551275
L000503,0,0.007869164649343572,0.030753458482931165,-0.02030171231735279,0.43334500139536397,-0.09238743909030678,-0.027270381633446136,-0.21808878065258566,-0.4041677086220552,0.15305117449384148,0.04983992437347198,0.3847431394282489
L000328,0,0.007869164649343572,0.030753458482931165,-0.02030171231735279,-0.04894731039431733,0.3294045623052862,-0.008714963366191718,-0.3041302154531437,-0.4041677086220552,-0.09440968447107477,0.04983992437347198,0.3847431394282489
L000898,0,0.4801317536810237,0.030753458482931165,-0.1515680983110234,0.43334500139536397,-0.34930193409986465,-0.1286428561133169,-0.21808878065258566,0.26660366106625594,0.15305117449384148,-0.18538146267680133,0.3847431394282489
L000118,1,-0.26876307161585233,0.030753458482931165,-0.4333850513104062,-0.6138933709801799,-0.09238743909030678,-0.027270381633446136,0.2597621292495391,-0.4041677086220552,-0.09440968447107477,0.14853649413931486,0.3847431394282489
L000955,1,0.007869164649343572,1.078310576350757,-0.1515680983110234,0.43334500139536397,-0.1589482056086457,0.15518505293030488,-0.21808878065258566,-0.4041677086220552,-0.09440968447107477,0.04983992437347198,0.3847431394282489
L000909,0,0.007869164649343572,0.030753458482931165,-0.1515680983110234,-0.6138933709801799,-0.09238743909030678,-0.008714963366191718,-0.15894820560864595,-0.4041677086220552,0.15305117449384148,-0.0073983074814449245,0.3847431394282489
L000283,0,-0.4004408955910523,0.030753458482931165,-0.4333850513104062,0.8706712115725123,0.3294045623052862,-0.008714963366191718,0.7030975114131134,0.26660366106625594,0.15305117449384148,0.14853649413931486,-0.828378859551275
L000919,1,0.007869164649343572,0.030753458482931165,-0.02030171231735279,-0.6138933709801799,-0.34930193409986465,0.15518505293030488,0.7030975114131134,-0.4041677086220552,-0.06899996894570645,-0.01663198342839047,-0.08983301744366297
L000124,1,0.007869164649343572,-0.4774019367271804,-0.4333850513104062,-0.6138933709801799,-0.09238743909030678,-0.008714963366191718,-0.21808878065258566,-0.3820917569228556,-0.06899996894570645,0.04983992437347198,-0.08983301744366297
L000748,1,0.4801317536810237,0.030753458482931165,-0.02030171231735279,-0.04894731039431733,-0.09238743909030678,-0.1286428561133169,0.7030975114131134,-0.4041677086220552,0.15305117449384148,-0.0073983074814449245,-0.828378859551275
L000365,1,-0.4004408955910523,-0.42654351949368957,-0.1515680983110234,-0.6138933709801799,-0.1589482056086457,0.15518505293030488,-0.21808878065258566,0.26660366106625594,-0.09440968447107477,0.14853649413931486,0.3847431394282489
L000986,1,0.007869164649343572,0.030753458482931165,-0.1515680983110234,0.43334500139536397,-0.09238743909030678,-0.027270381633446136,0.2597621292495391,0.7810590528828254,-0.06899996894570645,-0.18538146267680133,-0.08983301744366297
L000142,1,0.007869164649343572,1.078310576350757,-0.1515680983110234,-1.0752389374828009,-0.09238743909030678,-0.008714963366191718,-0.21808878065258566,-0.4041677086220552,-0.06899996894570645,0.14853649413931486,0.3847431394282489
L000399,1,0.007869164649343572,0.030753458482931165,-0.1515680983110234,0.43334500139536397,0.3294045623052862,-0.1286428561133169,-0.3041302154531437,-0.4041677086220552,-0.06899996894570645,-0.01663198342839047,-0.08983301744366297
L000857,1,0.07264440019209147,1.078310576350757,-0.1515680983110234,-1.0752389374828009,-0.1589482056086457,-0.1286428561133169,-0.21808878065258566,-0.4041677086220552,0.15305117449384148,-0.01663198342839047,-0.828378859551275
L000866,0,0.007869164649343572,0.030753458482931165,-0.02030171231735279,0.8706712115725123,-0.09238743909030678,-0.1286428561133169,-0.21808878065258566,-0.4041677086220552,-0.06899996894570645,-0.01663198342839047,0.3847431394282489
L000722,1,-0.4004408955910523,0.030753458482931165,-0.1515680983110234,-0.6138933709801799,0.7678138261328047,0.15518505293030488,0.2597621292495391,-0.4041677086220552,-0.06899996894570645,-0.01663198342839047,0.3847431394282489
L000752,1,0.4801317536810237,-0.42654351949368957,0.5561778816700746,-0.6138933709801799,-0.09238743909030678,-0.1286428561133169,0.2597621292495391,0.6212103519409292,-0.09440968447107477,-0.01663198342839047,-0.08983301744366297
L000920,0,0.007869164649343572,0.030753458482931165,-0.02030171231735279,-0.6138933709801799,-0.1589482056086457,-0.1286428561133169,-0.21808878065258566,-0.4041677086220552,-0.06899996894570645,0.04983992437347198,0.3847431394282489
L000532,1,-0.4004408955910523,0.030753458482931165,-0.4333850513104062,-0.6138933709801799,-0.09238743909030678,-0.027270381633446136,0.7030975114131134,-0.4041677086220552,-0.06899996894570645,-0.01663198342839047,0.3847431394282489
L000938,1,-0.26876307161585233,0.030753458482931165,-0.02030171231735279,0.43334500139536397,0.7678138261328047,0.15518505293030488,-0.15894820560864595,-0.4041677086220552,-0.09440968447107477,-0.18538146267680133,-0.08983301744366297
L000341,1,0.07264440019209147,0.030753458482931165,-0.02030171231735279,-1.0752389374828009,0.3294045623052862,0.15518505293030488,-0.3041302154531437,0.26660366106625594,0.15305117449384148,0.04983992437347198,-0.08983301744366297
L000161,0,0.007869164649343572,-0.42654351949368957,-0.02030171231735279,0.43334500139536397,0.7678138261328047,-0.027270381633446136,0.2597621292495391,-0.3820917569228556,-0.06899996894570645,-0.01663198342839047,0.3847431394282489
L000486,1,0.007869164649343572,0.1392051667104306,-0.4333850513104062,-0.6138933709801799,0.7678138261328047,0.15518505293030488,-0.21808878065258566,0.26660366106625594,0.15305117449384148,0.14853649413931486,0.3847431394282489
L000488,1,0.007869164649343572,-0.42654351949368957,-0.4333850513104062,0.43334500139536397,-0.09238743909030678,-0.008714963366191718,-0.3041302154531437,-0.4041677086220552,-0.06899996894570645,0.14853649413931486,0.3847431394282489
L000492,0,0.4801317536810237,0.030753458482931165,-0.02030171231735279,0.43334500139536397,-0.34930193409986465,0.15518505293030488,-0.21808878065258566,0.26660366106625594,-0.09440968447107477,-0.0073983074814449245,0.3847431394282489
L000109,1,0.007869164649343572,0.030753458482931165,-0.1515680983110234,0.43334500139536397,-0.09238743909030678,-0.1286428561133169,-0.15894820560864595,-0.3820917569228556,0.15305117449384148,-0.18538146267680133,-0.08983301744366297
L000585,0,0.4801317536810237,1.078310576350757,-0.02030171231735279,0.8706712115725123,-0.09238743909030678,-0.1286428561133169,-0.21808878065258566,0.26660366106625594,-0.09440968447107477,0.04983992437347198,0.3847431394282489
L000105,1,-0.4004408955910523,0.030753458482931165,-0.02030171231735279,-1.0752389374828009,-0.09238743909030678,-0.027270381633446136,-0.21808878065258566,-0.4041677086220552,0.15305117449384148,-0.01663198342839047,-0.08983301744366297
L000960,0,0.4801317536810237,0.030753458482931165,-0.1515680983110234,-0.6138933709801799,-0.34930193409986465,0.15518505293030488,-0.3041302154531437,-0.4041677086220552,0.15305117449384148,0.04983992437347198,-0.828378859551275
L000180,1,-0.26876307161585233,0.030753458482931165,-0.02030171231735279,-0.04894731039431733,-0.09238743909030678,-0.027270381633446136,0.2597621292495391,-0.4041677086220552,0.15305117449384148,-0.01663198342839047,-0.828378859551275
L000953,1,-0.4004408955910523,0.030753458482931165,-0.02030171231735279,-0.6138933709801799,-0.09238743909030678,-0.1286428561133169,0.2597621292495391,-0.4041677086220552,0.15305117449384148,0.14853649413931486,0.3847431394282489
L000647,1,0.007869164649343572,0.030753458482931165,0.3258705094222304,0.43334500139536397,-0.09238743909030678,0.15518505293030488,-0.15894820560864595,0.7810590528828254,-0.09440968447107477,-0.01663198342839047,-0.08983301744366297
L000575,1,0.007869164649343572,0.030753458482931165,0.3258705094222304,0.43334500139536397,-0.09238743909030678,-0.027270381633446136,0.2597621292495391,-0.4041677086220552,-0.09440968447107477,-0.0073983074814449245,0.3847431394282489
L000163,1,-0.26876307161585233,0.030753458482931165,-0.4333850513104062,-1.0752389374828009,-0.09238743909030678,-0.027270381633446136,-0.21808878065258566,-0.4041677086220552,0.15305117449384148,0.04983992437347198,-0.828378859551275
L000523,0,0.007869164649343572,0.030753458482931165,-0.1515680983110234,-0.6138933709801799,0.3294045623052862,-0.008714963366191718,0.2597621292495391,0.26660366106625594,0.15305117449384148,0.04983992437347198,-0.08983301744366297
L000661,1,0.007869164649343572,0.030753458482931165,-0.1515680983110234,0.8706712115725123,-0.34930193409986465,-0.027270381633446136,-0.21808878065258566,-0.4041677086220552,-0.06899996894570645,-0.18538146267680133,0.3847431394282489
L000106,1,0.07264440019209147,-0.4774019367271804,-0.02030171231735279,-0.6138933709801799,0.3294045623052862,-0.1286428561133169,-0.21808878065258566,0.26660366106625594,-0.06899996894570645,0.04983992437347198,0.3847431394282489
L000417,0,0.007869164649343572,0.030753458482931165,-0.1515680983110234,-0.04894731039431733,-0.09238743909030678,-0.008714963366191718,-0.15894820560864595,-0.4041677086220552,0.15305117449384148,-0.0073983074814449245,-0.08983301744366297
L000469,0,-0.4004408955910523,0.030753458482931165,0.3258705094222304,-0.04894731039431733,0.3294045623052862,-0.027270381633446136,0.2597621292495391,0.7810590528828254,-0.06899996894570645,-0.0073983074814449245,-0.828378859551275
L000992,0,0.007869164649343572,0.030753458482931165,0.3258705094222304,-0.6138933709801799,0.7678138261328047,-0.027270381633446136,0.2597621292495391,0.6212103519409292,-0.06899996894570645,-0.0073983074814449245,0.3847431394282489
L000275,1,0.007869164649343572,0.030753458482931165,0.5561778816700746,-0.6138933709801799,-0.34930193409986465,-0.008714963366191718,-0.21808878065258566,-0.4041677086220552,0.15305117449384148,-0.0073983074814449245,0.3847431394282489
L000733,0,0.007869164649343572,0.030753458482931165,-0.02030171231735279,0.43334500139536397,0.3294045623052862,0.15518505293030488,-0.15894820560864595,-0.4041677086220552,-0.06899996894570645,-0.01663198342839047,-0.08983301744366297
L000035,0,0.007869164649343572,0.030753458482931165,0.3258705094222304,0.8706712115725123,-0.09238743909030678,-0.1286428561133169,-0.21808878065258566,0.6212103519409292,-0.09440968447107477,-0.18538146267680133,0.3847431394282489
L000930,1,-0.26876307161585233,0.030753458482931165,-0.1515680983110234,-0.6138933709801799,0.7678138261328047,-0.1286428561133169,-0.15894820560864595,0.6212103519409292,0.15305117449384148,0.04983992437347198,-0.08983301744366297
L000774,1,-0.26876307161585233,-0.42654351949368957,-0.1515680983110234,-0.6138933709801799,-0.09238743909030678,0.15518505293030488,-0.21808878065258566,0.26660366106625594,0.15305117449384148,0.04983992437347198,-0.828378859551275
L000412,1,-0.26876307161585233,0.030753458482931165,-0.02030171231735279,0.43334500139536397,-0.09238743909030678,-0.027270381633446136,0.2597621292495391,-0.4041677086220552,-0.09440968447107477,-0.01663198342839047,-0.08983301744366297
L000728,1,0.007869164649343572,0.1392051667104306,0.3258705094222304,-1.0752389374828009,-0.09238743909030678,-0.1286428561133169,-0.21808878065258566,-0.4041677086220552,-0.06899996894570645,0.04983992437347198,0.3847431394282489
L000316,1,-0.4004408955910523,-0.42654351949368957,-0.4333850513104062,0.43334500139536397,-0.09238743909030678,0.15518505293030488,-0.21808878065258566,0.6212103519409292,0.15305117449384148,0.14853649413931486,-0.828378859551275
L000681,1,0.007869164649343572,0.030753458482931165,-0.1515680983110234,-0.6138933709801799,-0.09238743909030678,0.15518505293030488,-0.21808878065258566,-0.4041677086220552,-0.06899996894570645,0.04983992437347198,-0.828378859551275
L000178,0,0.007869164649343572,0.030753458482931165,0.3258705094222304,-0.6138933709801799,-0.09238743909030678,0.15518505293030488,0.2597621292495391,-0.4041677086220552,-0.06899996894570645,0.14853649413931486,0.3847431394282489
L000291,1,0.007869164649343572,0.030753458482931165,-0.1515680983110234,-0.6138933709801799,-0.34930193409986465,-0.1286428561133169,-0.15894820560864595,0.6212103519409292,-0.09440968447107477,0.04983992437347198,0.3847431394282489
L000619,0,0.07264440019209147,0.030753458482931165,-0.02030171231735279,0.8706712115725123,-0.1589482056086457,0.15518505293030488,-0.15894820560864595,0.7810590528828254,0.15305117449384148,-0.0073983074814449245,0.3847431394282489
L000807,1,0.007869164649343572,-0.42654351949368957,-0.1515680983110234,-1.0752389374828009,-0.1589482056086457,0.15518505293030488,-0.21808878065258566,0.6212103519409292,-0.09440968447107477,-0.18538146267680133,0.3847431394282489
L000356,1,0.07264440019209147,-0.4774019367271804,-0.1515680983110234,0.43334500139536397,-0.09238743909030678,-0.027270381633446136,-0.21808878065258566,-0.4041677086220552,-0.09440968447107477,-0.01663198342839047,-0.828378859551275
L000460,0,0.4801317536810237,-0.42654351949368957,-0.02030171231735279,-0.04894731039431733,-0.09238743909030678,-0.008714963366191718,0.2597621292495391,0.26660366106625594,-0.09440968447107477,-0.0073983074814449245,0.3847431394282489
L000571,1,0.07264440019209147,0.030753458482931165,-0.1515680983110234,-1.0752389374828009,-0.09238743909030678,-0.027270381633446136,-0.21808878065258566,-0.3820917569228556,-0.09440968447107477,0.14853649413931486,-0.08983301744366297
L000126,1,0.007869164649343572,-0.4774019367271804,-0.1515680983110234,-0.04894731039431733,0.3294045623052862,-0.1286428561133169,-0.3041302154531437,0.6212103519409292,-0.09440968447107477,0.14853649413931486,0.3847431394282489
L000873,0,0.4801317536810237,0.030753458482931165,-0.1515680983110234,0.43334500139536397,0.7678138261328047,0.15518505293030488,-0.21808878065258566,-0.3820917569228556,0.15305117449384148,0.14853649413931486,0.3847431394282489
L000890,1,-0.26876307161585233,0.030753458482931165,0.3258705094222304,0.43334500139536397,-0.09238743909030678,0.15518505293030488,0.2597621292495391,-0.4041677086220552,-0.06899996894570645,-0.0073983074814449245,0.3847431394282489
L000998,1,0.007869164649343572,1.078310576350757,-0.1515680983110234,-0.6138933709801799,0.7678138261328047,0.15518505293030488,-0.21808878065258566,-0.3820917569228556,-0.09440968447107477,0.14853649413931486,-0.828378859551275
L000172,0,-0.26876307161585233,0.030753458482931165,-0.1515680983110234,0.43334500139536397,-0.09238743909030678,-0.027270381633446136,-0.3041302154531437,-0.4041677086220552,-0.09440968447107477,-0.01663198342839047,-0.08983301744366297
L000529,1,0.007869164649343572,0.030753458482931165,-0.02030171231735279,0.8706712115725123,-0.09238743909030678,-0.1286428561133169,-0.21808878065258566,-0.3820917569228556,-0.06899996894570645,0.04983992437347198,-0.828378859551275
L000822,1,-0.4004408955910523,-0.42654351949368957,-0.1515680983110234,0.43334500139536397,0.3294045623052862,0.15518505293030488,-0.21808878065258566,0.6212103519409292,0.15305117449384148,-0.18538146267680133,-0.08983301744366297
L000113,1,0.007869164649343572,-0.42654351949368957,0.3258705094222304,-0.6138933709801799,0.7678138261328047,0.15518505293030488,0.2597621292495391,-0.4041677086220552,0.15305117449384148,-0.0073983074814449245,0.3847431394282489
L000688,1,0.07264440019209147,0.1392051667104306,-0.02030171231735279,0.43334500139536397,0.3294045623052862,-0.027270381633446136,-0.21808878065258566,0.26660366106625594,-0.09440968447107477,-0.0073983074814449245,-0.828378859551275
L000568,1,0.007869164649343572,0.030753458482931165,-0.1515680983110234,-0.6138933709801799,-0.34930193409986465,-0.1286428561133169,0.2597621292495391,-0.4041677086220552,-0.06899996894570645,-0.0073983074814449245,-0.828378859551275
L000082,1,0.007869164649343572,0.030753458482931165,0.3258705094222304,-0.04894731039431733,0.3294045623052862,0.15518505293030488,-0.21808878065258566,0.6212103519409292,0.15305117449384148,-0.18538146267680133,0.3847431394282489
L000764,0,-0.26876307161585233,0.030753458482931165,-0.1515680983110234,-0.04894731039431733,-0.09238743909030678,-0.027270381633446136,-0.21808878065258566,0.26660366106625594,-0.06899996894570645,0.04983992437347198,-0.828378859551275
L000812,1,0.007869164649343572,0.030753458482931165,-0.4333850513104062,-0.6138933709801799,0.3294045623052862,-0.1286428561133169,-0.15894820560864595,0.6212103519409292,-0.09440968447107477,-0.0073983074814449245,-0.08983301744366297
L000981,0,0.07264440019209147,0.030753458482931165,-0.1515680983110234,-0.6138933709801799,-0.09238743909030678,0.15518505293030488,-0.21808878065258566,-0.4041677086220552,-0.06899996894570645,-0.01663198342839047,-0.828378859551275
L000042,0,-0.26876307161585233,0.030753458482931165,-0.02030171231735279,-0.6138933709801799,0.3294045623052862,-0.1286428561133169,0.7030975114131134,-0.4041677086220552,-0.09440968447107477,-0.18538146267680133,0.3847431394282489
L000251,1,0.007869164649343572,0.030753458482931165,-0.02030171231735279,-0.04894731039431733,-0.09238743909030678,-0.1286428561133169,0.2597621292495391,0.6212103519409292,0.15305117449384148,-0.01663198342839047,0.3847431394282489
L000305,0,-0.26876307161585233,0.030753458482931165,-0.1515680983110234,0.43334500139536397,-0.09238743909030678,-0.1286428561133169,-0.3041302154531437,-0.4041677086220552,0.15305117449384148,0.14853649413931486,0.3847431394282489
L000390,1,-0.26876307161585233,-0.4774019367271804,-0.1515680983110234,-0.6138933709801799,0.3294045623052862,-0.027270381633446136,0.2597621292495391,0.26660366106625594,0.15305117449384148,-0.18538146267680133,-0.828378859551275
L000127,0,0.007869164649343572,0.1392051667104306,-0.1515680983110234,0.43334500139536397,0.3294045623052862,-0.008714963366191718,-0.21808878065258566,0.7810590528828254,-0.06899996894570645,0.04983992437347198,0.3847431394282489
L000444,1,0.07264440019209147,0.030753458482931165,-0.4333850513104062,-1.0752389374828009,-0.09238743909030678,0.15518505293030488,0.2597621292495391,0.6212103519409292,-0.09440968447107477,-0.0073983074814449245,0.3847431394282489
L000462,1,0.07264440019209147,0.030753458482931165,-0.1515680983110234,0.43334500139536397,-0.09238743909030678,-0.008714963366191718,-0.21808878065258566,-0.4041677086220552,-0.09440968447107477,-0.01663198342839047,-0.08983301744366297
L000310,1,0.007869164649343572,-0.4774019367271804,-0.02030171231735279,-0.6138933709801799,-0.34930193409986465,-0.1286428561133169,-0.15894820560864595,-0.3820917569228556,-0.06899996894570645,0.14853649413931486,0.3847431394282489
L000797,0,0.4801317536810237,-0.4774019367271804,-0.1515680983110234,0.43334500139536397,0.3294045623052862,-0.008714963366191718,0.7030975114131134,0.6212103519409292,-0.06899996894570645,-0.18538146267680133,-0.828378859551275
L000975,1,-0.4004408955910523,1.078310576350757,-0.02030171231735279,0.43334500139536397,0.7678138261328047,0.15518505293030488,0.2597621292495391,0.26660366106625594,-0.09440968447107477,0.14853649413931486,-0.08983301744366297
L000184,1,0.007869164649343572,0.030753458482931165,-0.1515680983110234,0.43334500139536397,-0.1589482056086457,-0.008714963366191718,-0.21808878065258566,-0.4041677086220552,0.15305117449384148,0.04983992437347198,0.3847431394282489
L000295,1,0.007869164649343572,0.030753458482931165,-0.1515680983110234,-0.6138933709801799,-0.34930193409986465,0.15518505293030488,-0.21808878065258566,-0.4041677086220552,-0.09440968447107477,-0.0073983074814449245,0.3847431394282489
L000609,0,0.007869164649343572,1.078310576350757,0.3258705094222304,-0.6138933709801799,-0.34930193409986465,-0.027270381633446136,-0.21808878065258566,-0.4041677086220552,-0.09440968447107477,0.04983992437347198,0.3847431394282489
L000197,1,-0.4004408955910523,0.030753458482931165,-0.02030171231735279,-0.04894731039431733,-0.09238743909030678,0.15518505293030488,-0.15894820560864595,0.26660366106625594,-0.09440968447107477,-0.01663198342839047,-0.08983301744366297
L000974,0,0.07264440019209147,0.030753458482931165,-0.1515680983110234,0.43334500139536397,0.3294045623052862,-0.008714963366191718,0.7030975114131134,-0.3820917569228556,-0.06899996894570645,0.14853649413931486,-0.828378859551275
L000902,1,0.4801317536810237,-0.42654351949368957,0.5561778816700746,0.43334500139536397,-0.09238743909030678,0.15518505293030488,0.2597621292495391,-0.4041677086220552,-0.06899996894570645,0.04983992437347198,-0.08983301744366297
L000818,1,0.007869164649343572,0.030753458482931165,0.5561778816700746,0.43334500139536397,-0.09238743909030678,-0.1286428561133169,0.2597621292495391,-0.4041677086220552,-0.09440968447107477,-0.0073983074814449245,0.3847431394282489
L000867,1,-0.26876307161585233,0.030753458482931165,0.3258705094222304,0.43334500139536397,-0.09238743909030678,-0.027270381633446136,-0.15894820560864595,-0.4041677086220552,-0.06899996894570645,-0.18538146267680133,0.3847431394282489
L000877,0,0.4801317536810237,0.030753458482931165,-0.1515680983110234,0.43334500139536397,0.7678138261328047,0.15518505293030488,0.2597621292495391,-0.4041677086220552,0.15305117449384148,-0.0073983074814449245,0.3847431394282489
L000319,0,-0.4004408955910523,0.030753458482931165,0.3258705094222304,-0.6138933709801799,0.7678138261328047,0.15518505293030488,0.7030975114131134,-0.4041677086220552,-0.06899996894570645,0.14853649413931486,-0.08983301744366297
L000802,1,0.007869164649343572,1.078310576350757,0.3258705094222304,-0.6138933709801799,-0.09238743909030678,-0.008714963366191718,0.2597621292495391,-0.4041677086220552,-0.06899996894570645,-0.18538146267680133,0.3847431394282489
L000062,0,-0.4004408955910523,0.030753458482931165,-0.1515680983110234,-0.6138933709801799,-0.09238743909030678,0.15518505293030488,-0.21808878065258566,0.7810590528828254,-0.09440968447107477,0.14853649413931486,-0.08983301744366297
L000679,0,-0.4004408955910523,0.030753458482931165,0.3258705094222304,-0.6138933709801799,0.3294045623052862,-0.008714963366191718,-0.21808878065258566,-0.4041677086220552,0.15305117449384148,0.04983992437347198,0.3847431394282489
L000809,0,0.007869164649343572,0.030753458482931165,-0.1515680983110234,-0.6138933709801799,-0.09238743909030678,-0.008714963366191718,-0.21808878065258566,-0.4041677086220552,-0.06899996894570645,0.04983992437347198,0.3847431394282489
L000474,0,-0.26876307161585233,0.030753458482931165,-0.1515680983110234,-0.6138933709801799,0.7678138261328047,-0.027270381633446136,-0.3041302154531437,0.26660366106625594,0.15305117449384148,-0.18538146267680133,0.3847431394282489
L000160,1,-0.26876307161585233,-0.4774019367271804,0.3258705094222304,0.43334500139536397,-0.09238743909030678,-0.1286428561133169,-0.21808878065258566,0.26660366106625594,-0.06899996894570645,-0.18538146267680133,-0.828378859551275
L000507,0,-0.26876307161585233,1.078310576350757,-0.1515680983110234,0.43334500139536397,-0.09238743909030678,-0.008714963366191718,0.7030975114131134,0.26660366106625594,-0.09440968447107477,-0.18538146267680133,-0.08983301744366297
L000576,0,0.007869164649343572,0.030753458482931165,0.3258705094222304,-0.04894731039431733,-0.09238743909030678,-0.027270381633446136,0.7030975114131134,0.6212103519409292,0.15305117449384148,0.04983992437347198,0.3847431394282489
L000254,1,0.4801317536810237,0.030753458482931165,-0.1515680983110234,0.43334500139536397,-0.09238743909030678,-0.008714963366191718,-0.21808878065258566,-0.4041677086220552,0.15305117449384148,0.04983992437347198,-0.08983301744366297
L000907,1,0.007869164649343572,0.030753458482931165,0.5561778816700746,0.8706712115725123,-0.09238743909030678,0.15518505293030488,-0.21808878065258566,0.26660366106625594,0.15305117449384148,-0.01663198342839047,-0.08983301744366297
L000971,1,0.4801317536810237,0.1392051667104306,-0.02030171231735279,-1.0752389374828009,0.7678138261328047,0.15518505293030488,-0.21808878065258566,-0.4041677086220552,0.15305117449384148,-0.18538146267680133,0.3847431394282489
L000657,1,0.007869164649343572,0.030753458482931165,-0.1515680983110234,0.43334500139536397,-0.09238743909030678,-0.1286428561133169,-0.21808878065258566,-0.3820917569228556,-0.06899996894570645,0.14853649413931486,-0.08983301744366297
L000407,0,-0.26876307161585233,0.030753458482931165,-0.02030171231735279,-0.04894731039431733,-0.09238743909030678,0.15518505293030488,0.7030975114131134,0.26660366106625594,-0.06899996894570645,-0.01663198342839047,0.3847431394282489
L000835,0,0.4801317536810237,0.030753458482931165,-0.02030171231735279,0.43334500139536397,0.7678138261328047,-0.027270381633446136,-0.15894820560864595,0.6212103519409292,-0.09440968447107477,-0.18538146267680133,0.3847431394282489
L000879,0,0.07264440019209147,0.030753458482931165,0.3258705094222304,-0.04894731039431733,-0.09238743909030678,-0.1286428561133169,0.2597621292495391,0.6212103519409292,0.15305117449384148,0.04983992437347198,0.3847431394282489
L000263,1,0.007869164649343572,0.030753458482931165,0.3258705094222304,-0.6138933709801799,-0.34930193409986465,-0.1286428561133169,-0.21808878065258566,-0.4041677086220552,-0.09440968447107477,-0.01663198342839047,0.3847431394282489
L000824,1,0.007869164649343572,0.030753458482931165,-0.1515680983110234,0.43334500139536397,-0.09238743909030678,-0.008714963366191718,-0.21808878065258566,-0.4041677086220552,-0.06899996894570645,0.14853649413931486,0.3847431394282489
L000742,1,0.007869164649343572,0.030753458482931165,0.5561778816700746,-0.04894731039431733,-0.09238743909030678,-0.027270381633446136,-0.21808878065258566,0.6212103519409292,-0.06899996894570645,0.14853649413931486,0.3847431394282489
L000196,1,-0.4004408955910523,0.030753458482931165,-0.1515680983110234,-0.6138933709801799,-0.09238743909030678,-0.008714963366191718,-0.21808878065258566,-0.4041677086220552,-0.06899996894570645,-0.0073983074814449245,-0.08983301744366297
L000552,1,0.007869164649343572,1.078310576350757,0.3258705094222304,0.8706712115725123,0.3294045623052862,0.15518505293030488,0.2597621292495391,-0.3820917569228556,-0.06899996894570645,-0.0073983074814449245,-0.828378859551275
L000574,1,0.007869164649343572,0.030753458482931165,-0.02030171231735279,-0.6138933709801799,-0.34930193409986465,-0.1286428561133169,-0.21808878065258566,0.26660366106625594,-0.06899996894570645,0.14853649413931486,-0.08983301744366297
L000422,1,0.007869164649343572,0.030753458482931165,0.3258705094222304,0.43334500139536397,-0.09238743909030678,-0.027270381633446136,-0.21808878065258566,-0.4041677086220552,0.15305117449384148,0.04983992437347198,0.3847431394282489
L000600,0,0.007869164649343572,0.030753458482931165,-0.02030171231735279,0.43334500139536397,-0.09238743909030678,-0.027270381633446136,0.2597621292495391,-0.3820917569228556,-0.06899996894570645,-0.0073983074814449245,-0.08983301744366297
L000948,0,-0.4004408955910523,1.078310576350757,-0.02030171231735279,0.43334500139536397,0.3294045623052862,-0.008714963366191718,-0.21808878065258566,-0.4041677086220552,-0.06899996894570645,-0.0073983074814449245,0.3847431394282489
L000389,1,0.007869164649343572,0.030753458482931165,-0.1515680983110234,-0.6138933709801799,0.3294045623052862,0.15518505293030488,0.2597621292495391,0.6212103519409292,-0.06899996894570645,-0.01663198342839047,-0.08983301744366297
L000207,0,0.007869164649343572,0.1392051667104306,0.3258705094222304,0.8706712115725123,-0.1589482056086457,0.15518505293030488,-0.21808878065258566,0.26660366106625594,0.15305117449384148,0.14853649413931486,0.3847431394282489
L000323,1,-0.26876307161585233,0.030753458482931165,-0.1515680983110234,0.8706712115725123,0.3294045623052862,-0.027270381633446136,-0.3041302154531437,0.26660366106625594,0.15305117449384148,-0.18538146267680133,-0.828378859551275
L000243,1,0.007869164649343572,-0.42654351949368957,-0.02030171231735279,0.8706712115725123,0.3294045623052862,-0.027270381633446136,0.2597621292495391,-0.4041677086220552,0.15305117449384148,-0.18538146267680133,-0.828378859551275
L000578,1,-0.4004408955910523,-0.42654351949368957,-0.4333850513104062,0.43334500139536397,-0.09238743909030678,-0.027270381633446136,0.2597621292495391,0.6212103519409292,-0.06899996894570645,0.14853649413931486,-0.08983301744366297
L000188,0,0.4801317536810237,0.030753458482931165,-0.02030171231735279,0.43334500139536397,-0.09238743909030678,-0.008714963366191718,-0.21808878065258566,0.26660366106625594,-0.06899996894570645,0.04983992437347198,0.3847431394282489
L000651,1,-0.4004408955910523,0.030753458482931165,0.3258705094222304,-0.6138933709801799,-0.09238743909030678,-0.1286428561133169,0.7030975114131134,0.26660366106625594,-0.06899996894570645,0.14853649413931486,0.3847431394282489
L000075,1,0.007869164649343572,0.030753458482931165,-0.1515680983110234,-0.6138933709801799,-0.09238743909030678,-0.008714963366191718,-0.21808878065258566,-0.4041677086220552,0.15305117449384148,-0.18538146267680133,0.3847431394282489
L000791,0,0.007869164649343572,-0.42654351949368957,0.3258705094222304,0.8706712115725123,-0.1589482056086457,-0.027270381633446136,-0.21808878065258566,-0.3820917569228556,-0.09440968447107477,0.04983992437347198,0.3847431394282489
L000533,0,0.007869164649343572,0.030753458482931165,-0.1515680983110234,-0.6138933709801799,0.7678138261328047,-0.027270381633446136,-0.21808878065258566,-0.4041677086220552,0.15305117449384148,-0.01663198342839047,0.3847431394282489
L000838,1,-0.4004408955910523,0.030753458482931165,-0.1515680983110234,0.43334500139536397,-0.09238743909030678,0.15518505293030488,-0.21808878065258566,0.26660366106625594,-0.09440968447107477,-0.18538146267680133,-0.828378859551275
L000686,0,0.007869164649343572,0.1392051667104306,0.3258705094222304,-0.6138933709801799,0.3294045623052862,-0.1286428561133169,-0.21808878065258566,0.6212103519409292,-0.09440968447107477,-0.0073983074814449245,0.3847431394282489
L000787,1,0.007869164649343572,0.030753458482931165,-0.1515680983110234,-1.0752389374828009,-0.09238743909030678,-0.1286428561133169,-0.21808878065258566,0.26660366106625594,0.15305117449384148,-0.18538146267680133,0.3847431394282489
L000689,1,0.07264440019209147,0.030753458482931165,-0.02030171231735279,-0.6138933709801799,-0.34930193409986465,-0.008714963366191718,-0.21808878065258566,-0.4041677086220552,0.15305117449384148,-0.01663198342839047,-0.828378859551275
L000872,0,-0.4004408955910523,0.030753458482931165,-0.1515680983110234,0.43334500139536397,-0.09238743909030678,-0.008714963366191718,-0.3041302154531437,0.6212103519409292,-0.06899996894570645,-0.0073983074814449245,-0.08983301744366297
L000698,0,0.007869164649343572,0.030753458482931165,-0.1515680983110234,0.43334500139536397,-0.1589482056086457,0.15518505293030488,-0.15894820560864595,0.26660366106625594,0.15305117449384148,-0.18538146267680133,0.3847431394282489
L000084,1,-0.26876307161585233,0.030753458482931165,-0.1515680983110234,-0.6138933709801799,-0.1589482056086457,-0.027270381633446136,-0.21808878065258566,0.26660366106625594,-0.09440968447107477,0.04983992437347198,0.3847431394282489
L000177,0,0.4801317536810237,0.030753458482931165,-0.02030171231735279,0.43334500139536397,-0.09238743909030678,-0.027270381633446136,-0.21808878065258566,0.26660366106625594,-0.06899996894570645,0.04983992437347198,0.3847431394282489
L000762,0,0.007869164649343572,0.030753458482931165,0.3258705094222304,0.8706712115725123,-0.1589482056086457,-0.008714963366191718,0.2597621292495391,-0.4041677086220552,0.15305117449384148,0.14853649413931486,-0.08983301744366297
L000696,0,0.007869164649343572,1.078310576350757,0.3258705094222304,0.8706712115725123,-0.09238743909030678,-0.027270381633446136,-0.15894820560864595,0.26660366106625594,-0.06899996894570645,0.04983992437347198,-0.08983301744366297
L000539,0,0.07264440019209147,-0.4774019367271804,-0.02030171231735279,-0.04894731039431733,-0.09238743909030678,0.15518505293030488,-0.3041302154531437,-0.3820917569228556,-0.09440968447107477,0.04983992437347198,0.3847431394282489
L000775,0,0.007869164649343572,0.030753458482931165,0.3258705094222304,0.43334500139536397,-0.09238743909030678,0.15518505293030488,-0.21808878065258566,-0.4041677086220552,-0.09440968447107477,-0.01663198342839047,0.3847431394282489
L000343,1,0.007869164649343572,0.1392051667104306,-0.02030171231735279,-0.04894731039431733,-0.09238743909030678,-0.008714963366191718,0.2597621292495391,0.7810590528828254,-0.09440968447107477,-0.01663198342839047,-0.08983301744366297
L000402,0,0.007869164649343572,-0.42654351949368957,-0.02030171231735279,0.8706712115725123,-0.09238743909030678,-0.027270381633446136,-0.15894820560864595,0.26660366106625594,-0.09440968447107477,0.14853649413931486,0.3847431394282489
L000439,1,0.007869164649343572,0.030753458482931165,0.3258705094222304,0.43334500139536397,-0.09238743909030678,-0.027270381633446136,-0.15894820560864595,0.6212103519409292,0.15305117449384148,-0.18538146267680133,-0.828378859551275
L000718,0,0.007869164649343572,0.030753458482931165,-0.02030171231735279,0.43334500139536397,0.3294045623052862,-0.027270381633446136,0.7030975114131134,0.6212103519409292,-0.06899996894570645,0.14853649413931486,0.3847431394282489
L000531,0,0.007869164649343572,1.078310576350757,0.3258705094222304,0.8706712115725123,-0.34930193409986465,0.15518505293030488,-0.21808878065258566,-0.4041677086220552,0.15305117449384148,-0.01663198342839047,0.3847431394282489
L000798,0,0.007869164649343572,0.1392051667104306,0.5561778816700746,-0.6138933709801799,-0.09238743909030678,-0.027270381633446136,0.7030975114131134,0.26660366106625594,0.15305117449384148,-0.01663198342839047,0.3847431394282489
L000853,1,0.007869164649343572,0.030753458482931165,-0.1515680983110234,-0.6138933709801799,-0.09238743909030678,-0.027270381633446136,0.7030975114131134,0.26660366106625594,0.15305117449384148,-0.18538146267680133,-0.08983301744366297
L000565,1,0.007869164649343572,0.030753458482931165,-0.4333850513104062,-0.6138933709801799,-0.09238743909030678,-0.1286428561133169,0.2597621292495391,0.26660366106625594,-0.06899996894570645,0.04983992437347198,-0.828378859551275
L000677,1,0.007869164649343572,0.030753458482931165,-0.1515680983110234,-1.0752389374828009,-0.09238743909030678,-0.008714963366191718,-0.21808878065258566,0.26660366106625594,-0.09440968447107477,-0.0073983074814449245,-0.08983301744366297
L000799,0,0.007869164649343572,0.030753458482931165,-0.4333850513104062,-0.04894731039431733,-0.09238743909030678,0.15518505293030488,0.2597621292495391,-0.4041677086220552,-0.06899996894570645,0.14853649413931486,0.3847431394282489
L000750,1,0.07264440019209147,-0.4774019367271804,-0.4333850513104062,0.43334500139536397,-0.09238743909030678,-0.027270381633446136,-0.21808878065258566,-0.4041677086220552,-0.09440968447107477,-0.0073983074814449245,0.3847431394282489
L000206,1,-0.4004408955910523,-0.42654351949368957,0.3258705094222304,0.8706712115725123,-0.1589482056086457,-0.008714963366191718,-0.21808878065258566,-0.4041677086220552,0.15305117449384148,-0.18538146267680133,0.3847431394282489
L000713,1,0.07264440019209147,0.030753458482931165,-0.02030171231735279,0.8706712115725123,-0.09238743909030678,0.15518505293030488,-0.21808878065258566,0.26660366106625594,-0.06899996894570645,0.04983992437347198,-0.828378859551275
L000387,0,0.007869164649343572,0.030753458482931165,-0.02030171231735279,-0.6138933709801799,-0.09238743909030678,-0.008714963366191718,-0.21808878065258566,0.26660366106625594,-0.09440968447107477,0.04983992437347198,-0.08983301744366297
L000284,0,-0.4004408955910523,0.030753458482931165,-0.1515680983110234,0.43334500139536397,-0.09238743909030678,0.15518505293030488,-0.21808878065258566,0.26660366106625594,0.15305117449384148,0.04983992437347198,0.3847431394282489
L000052,1,0.07264440019209147,1.078310576350757,0.3258705094222304,-0.6138933709801799,-0.09238743909030678,-0.008714963366191718,-0.15894820560864595,0.6212103519409292,-0.09440968447107477,0.04983992437347198,-0.828378859551275
L000610,1,0.07264440019209147,-0.42654351949368957,0.3258705094222304,-0.6138933709801799,-0.09238743909030678,-0.027270381633446136,-0.3041302154531437,-0.4041677086220552,-0.09440968447107477,-0.0073983074814449245,-0.828378859551275
L000886,1,0.07264440019209147,0.030753458482931165,-0.1515680983110234,-0.6138933709801799,0.3294045623052862,-0.027270381633446136,-0.21808878065258566,0.26660366106625594,-0.06899996894570645,-0.01663198342839047,-0.08983301744366297
L000726,0,-0.26876307161585233,0.030753458482931165,-0.1515680983110234,0.43334500139536397,-0.34930193409986465,-0.027270381633446136,0.2597621292495391,0.6212103519409292,-0.06899996894570645,0.14853649413931486,0.3847431394282489
L000213,0,0.4801317536810237,0.030753458482931165,-0.1515680983110234,0.43334500139536397,-0.09238743909030678,-0.008714963366191718,0.2597621292495391,0.6212103519409292,-0.09440968447107477,0.04983992437347198,0.3847431394282489
L000638,0,-0.26876307161585233,0.1392051667104306,0.3258705094222304,0.8706712115725123,-0.09238743909030678,-0.008714963366191718,-0.21808878065258566,0.6212103519409292,0.15305117449384148,0.14853649413931486,-0.08983301744366297
L000355,0,0.007869164649343572,0.030753458482931165,-0.1515680983110234,0.8706712115725123,-0.09238743909030678,-0.027270381633446136,0.7030975114131134,-0.4041677086220552,0.15305117449384148,-0.01663198342839047,-0.08983301744366297
L000892,0,0.007869164649343572,1.078310576350757,0.3258705094222304,-0.04894731039431733,-0.09238743909030678,-0.1286428561133169,0.7030975114131134,-0.4041677086220552,-0.09440968447107477,-0.01663198342839047,-0.08983301744366297
L000882,1,0.07264440019209147,0.1392051667104306,-0.02030171231735279,0.43334500139536397,0.7678138261328047,0.15518505293030488,0.7030975114131134,-0.4041677086220552,-0.06899996894570645,0.14853649413931486,-0.08983301744366297
L000385,0,0.007869164649343572,-0.42654351949368957,-0.1515680983110234,0.43334500139536397,0.3294045623052862,-0.008714963366191718,-0.3041302154531437,0.6212103519409292,-0.06899996894570645,-0.0073983074814449245,-0.828378859551275
L000111,0,0.07264440019209147,1.078310576350757,0.5561778816700746,0.8706712115725123,-0.1589482056086457,-0.1286428561133169,-0.15894820560864595,0.26660366106625594,0.15305117449384148,0.14853649413931486,0.3847431394282489
L000897,1,0.007869164649343572,0.030753458482931165,-0.1515680983110234,-1.0752389374828009,0.3294045623052862,0.15518505293030488,-0.21808878065258566,-0.4041677086220552,-0.09440968447107477,-0.18538146267680133,0.3847431394282489
L000401,0,-0.4004408955910523,0.030753458482931165,-0.02030171231735279,-0.04894731039431733,-0.09238743909030678,-0.027270381633446136,-0.15894820560864595,0.26660366106625594,-0.09440968447107477,-0.01663198342839047,-0.08983301744366297
L000061,0,-0.26876307161585233,0.030753458482931165,-0.1515680983110234,0.8706712115725123,-0.09238743909030678,0.15518505293030488,-0.21808878065258566,-0.4041677086220552,0.15305117449384148,-0.01663198342839047,0.3847431394282489
L000360,1,0.007869164649343572,0.030753458482931165,-0.4333850513104062,-1.0752389374828009,-0.09238743909030678,-0.1286428561133169,0.2597621292495391,-0.3820917569228556,-0.06899996894570645,0.04983992437347198,-0.08983301744366297
L000285,1,-0.26876307161585233,0.030753458482931165,-0.02030171231735279,-0.6138933709801799,-0.09238743909030678,-0.1286428561133169,-0.3041302154531437,-0.4041677086220552,-0.09440968447107477,0.14853649413931486,0.3847431394282489
L000702,1,0.007869164649343572,-0.42654351949368957,-0.1515680983110234,-0.04894731039431733,-0.09238743909030678,-0.027270381633446136,-0.21808878065258566,-0.4041677086220552,0.15305117449384148,0.04983992437347198,-0.08983301744366297
L000482,0,0.07264440019209147,0.030753458482931165,0.3258705094222304,0.8706712115725123,0.3294045623052862,-0.027270381633446136,-0.21808878065258566,0.26660366106625594,0.15305117449384148,-0.0073983074814449245,-0.08983301744366297
L000508,1,0.007869164649343572,0.030753458482931165,-0.02030171231735279,0.43334500139536397,-0.09238743909030678,-0.027270381633446136,-0.21808878065258566,-0.4041677086220552,0.15305117449384148,0.04983992437347198,0.3847431394282489
L000865,1,0.4801317536810237,-0.42654351949368957,-0.4333850513104062,0.8706712115725123,-0.09238743909030678,-0.008714963366191718,-0.21808878065258566,-0.4041677086220552,0.15305117449384148,-0.01663198342839047,-0.828378859551275
L000928,1,0.007869164649343572,-0.4774019367271804,-0.4333850513104062,-0.6138933709801799,-0.09238743909030678,-0.008714963366191718,-0.21808878065258566,0.6212103519409292,0.15305117449384148,-0.18538146267680133,-0.08983301744366297
L000372,1,-0.26876307161585233,0.030753458482931165,0.3258705094222304,-0.6138933709801799,-0.09238743909030678,-0.008714963366191718,0.2597621292495391,-0.4041677086220552,-0.06899996894570645,-0.0073983074814449245,0.3847431394282489
L000837,0,0.007869164649343572,0.030753458482931165,0.3258705094222304,0.43334500139536397,-0.09238743909030678,-0.1286428561133169,0.2597621292495391,-0.4041677086220552,0.15305117449384148,0.14853649413931486,0.3847431394282489
L000756,0,0.007869164649343572,0.030753458482931165,-0.1515680983110234,0.43334500139536397,-0.09238743909030678,0.15518505293030488,-0.21808878065258566,-0.4041677086220552,0.15305117449384148,0.14853649413931486,-0.08983301744366297
L000817,0,0.007869164649343572,0.030753458482931165,-0.4333850513104062,0.43334500139536397,-0.09238743909030678,-0.027270381633446136,0.2597621292495391,0.6212103519409292,-0.06899996894570645,-0.18538146267680133,-0.08983301744366297
L000136,1,0.4801317536810237,-0.42654351949368957,-0.4333850513104062,0.43334500139536397,0.3294045623052862,-0.1286428561133169,0.2597621292495391,-0.4041677086220552,0.15305117449384148,0.04983992437347198,-0.08983301744366297
L000935,1,-0.4004408955910523,0.030753458482931165,-0.1515680983110234,-0.6138933709801799,-0.09238743909030678,-0.027270381633446136,0.7030975114131134,-0.4041677086220552,0.15305117449384148,0.04983992437347198,-0.08983301744366297
L000261,1,0.4801317536810237,0.030753458482931165,-0.02030171231735279,-1.0752389374828009,-0.09238743909030678,0.15518505293030488,-0.3041302154531437,-0.4041677086220552,-0.09440968447107477,-0.0073983074814449245,-0.828378859551275
L000642,0,0.007869164649343572,1.078310576350757,-0.02030171231735279,0.43334500139536397,0.3294045623052862,-0.027270381633446136,-0.15894820560864595,0.7810590528828254,-0.06899996894570645,-0.01663198342839047,0.3847431394282489
L000123,0,-0.26876307161585233,0.030753458482931165,-0.4333850513104062,0.43334500139536397,-0.1589482056086457,-0.1286428561133169,-0.15894820560864595,0.26660366106625594,0.15305117449384148,-0.18538146267680133,-0.08983301744366297
L000932,0,0.07264440019209147,0.030753458482931165,-0.02030171231735279,0.43334500139536397,-0.34930193409986465,-0.1286428561133169,-0.21808878065258566,0.26660366106625594,-0.09440968447107477,-0.0073983074814449245,-0.828378859551275
L000214,1,0.007869164649343572,-0.42654351949368957,-0.02030171231735279,-0.6138933709801799,-0.09238743909030678,-0.008714963366191718,-0.21808878065258566,0.6212103519409292,-0.09440968447107477,-0.18538146267680133,-0.828378859551275
L000259,0,0.007869164649343572,0.030753458482931165,-0.1515680983110234,0.8706712115725123,-0.09238743909030678,-0.027270381633446136,0.2597621292495391,-0.3820917569228556,-0.06899996894570645,0.14853649413931486,0.3847431394282489
L000314,0,-0.26876307161585233,-0.42654351949368957,0.3258705094222304,-0.6138933709801799,-0.09238743909030678,0.15518505293030488,0.2597621292495391,-0.4041677086220552,-0.06899996894570645,0.04983992437347198,0.3847431394282489
L000760,0,0.4801317536810237,0.030753458482931165,-0.1515680983110234,0.43334500139536397,-0.09238743909030678,-0.008714963366191718,0.2597621292495391,0.26660366106625594,-0.09440968447107477,-0.18538146267680133,0.3847431394282489
L000810,0,0.007869164649343572,-0.42654351949368957,0.5561778816700746,-0.6138933709801799,0.3294045623052862,-0.008714963366191718,0.2597621292495391,-0.4041677086220552,-0.09440968447107477,-0.01663198342839047,-0.08983301744366297
L000547,1,0.007869164649343572,0.030753458482931165,-0.02030171231735279,-1.0752389374828009,-0.09238743909030678,-0.027270381633446136,-0.3041302154531437,0.26660366106625594,0.15305117449384148,-0.18538146267680133,0.3847431394282489
L000968,1,0.07264440019209147,0.030753458482931165,-0.1515680983110234,-0.6138933709801799,-0.09238743909030678,-0.1286428561133169,-0.3041302154531437,-0.4041677086220552,-0.09440968447107477,0.14853649413931486,-0.828378859551275
L000022,1,-0.4004408955910523,0.030753458482931165,-0.1515680983110234,0.43334500139536397,-0.09238743909030678,-0.008714963366191718,-0.21808878065258566,0.26660366106625594,-0.06899996894570645,-0.01663198342839047,-0.828378859551275
L000784,1,0.07264440019209147,0.030753458482931165,-0.4333850513104062,0.43334500139536397,-0.09238743909030678,-0.008714963366191718,-0.21808878065258566,-0.4041677086220552,-0.09440968447107477,-0.18538146267680133,-0.08983301744366297
L000504,1,-0.26876307161585233,0.030753458482931165,0.3258705094222304,0.43334500139536397,-0.1589482056086457,0.15518505293030488,0.2597621292495391,-0.4041677086220552,-0.09440968447107477,-0.18538146267680133,0.3847431394282489
L000749,0,0.007869164649343572,-0.42654351949368957,-0.1515680983110234,0.43334500139536397,0.3294045623052862,-0.008714963366191718,0.2597621292495391,-0.4041677086220552,-0.06899996894570645,0.14853649413931486,-0.08983301744366297
L000940,0,-0.26876307161585233,0.030753458482931165,-0.02030171231735279,0.8706712115725123,-0.09238743909030678,-0.008714963366191718,-0.21808878065258566,0.6212103519409292,-0.06899996894570645,-0.01663198342839047,0.3847431394282489
L000168,1,0.007869164649343572,0.030753458482931165,-0.1515680983110234,-0.6138933709801799,-0.09238743909030678,0.15518505293030488,0.2597621292495391,-0.3820917569228556,-0.09440968447107477,0.04983992437347198,0.3847431394282489
L000876,1,0.4801317536810237,0.030753458482931165,-0.1515680983110234,-0.6138933709801799,-0.09238743909030678,-0.027270381633446136,0.7030975114131134,-0.4041677086220552,0.15305117449384148,0.04983992437347198,-0.828378859551275
L000546,1,0.007869164649343572,-0.42654351949368957,-0.02030171231735279,-0.6138933709801799,-0.09238743909030678,-0.027270381633446136,-0.21808878065258566,0.26660366106625594,-0.09440968447107477,0.04983992437347198,0.3847431394282489
L000966,0,0.07264440019209147,0.030753458482931165,-0.1515680983110234,-1.0752389374828009,-0.09238743909030678,-0.008714963366191718,-0.21808878065258566,-0.4041677086220552,-0.09440968447107477,-0.0073983074814449245,-0.828378859551275
L000239,1,0.007869164649343572,0.030753458482931165,-0.02030171231735279,0.43334500139536397,-0.09238743909030678,-0.1286428561133169,0.7030975114131134,-0.4041677086220552,-0.06899996894570645,0.14853649413931486,0.3847431394282489
L000517,1,0.4801317536810237,-0.42654351949368957,-0.1515680983110234,0.43334500139536397,-0.09238743909030678,-0.1286428561133169,0.2597621292495391,-0.4041677086220552,0.15305117449384148,0.14853649413931486,0.3847431394282489
L000478,1,0.007869164649343572,0.030753458482931165,-0.1515680983110234,-0.04894731039431733,-0.09238743909030678,0.15518505293030488,-0.21808878065258566,0.26660366106625594,-0.09440968447107477,-0.0073983074814449245,-0.08983301744366297
L000260,1,0.007869164649343572,0.030753458482931165,0.3258705094222304,-0.6138933709801799,0.3294045623052862,-0.1286428561133169,-0.21808878065258566,-0.4041677086220552,-0.06899996894570645,-0.18538146267680133,-0.08983301744366297
L000102,0,-0.4004408955910523,-0.42654351949368957,-0.1515680983110234,0.8706712115725123,0.7678138261328047,-0.1286428561133169,-0.21808878065258566,0.6212103519409292,-0.09440968447107477,-0.01663198342839047,0.3847431394282489
L000538,1,0.007869164649343572,0.030753458482931165,-0.4333850513104062,-0.6138933709801799,-0.09238743909030678,-0.008714963366191718,-0.21808878065258566,-0.4041677086220552,0.15305117449384148,-0.0073983074814449245,-0.828378859551275
L000191,0,0.07264440019209147,-0.42654351949368957,-0.1515680983110234,0.43334500139536397,-0.09238743909030678,0.15518505293030488,-0.21808878065258566,-0.4041677086220552,-0.06899996894570645,-0.01663198342839047,-0.08983301744366297
L000655,1,0.07264440019209147,0.030753458482931165,-0.1515680983110234,-0.04894731039431733,-0.09238743909030678,-0.027270381633446136,0.2597621292495391,-0.4041677086220552,-0.06899996894570645,0.04983992437347198,-0.828378859551275
L000599,0,0.007869164649343572,0.030753458482931165,-0.02030171231735279,0.8706712115725123,-0.1589482056086457,-0.1286428561133169,0.2597621292495391,0.26660366106625594,0.15305117449384148,0.14853649413931486,0.3847431394282489
L000796,0,0.007869164649343572,0.030753458482931165,-0.1515680983110234,0.43334500139536397,0.3294045623052862,-0.1286428561133169,-0.21808878065258566,-0.4041677086220552,-0.09440968447107477,0.04983992437347198,-0.08983301744366297
L000002,1,0.007869164649343572,0.1392051667104306,-0.4333850513104062,-0.6138933709801799,-0.09238743909030678,0.15518505293030488,0.2597621292495391,0.26660366106625594,-0.06899996894570645,-0.18538146267680133,-0.828378859551275
L000050,0,0.007869164649343572,0.030753458482931165,-0.02030171231735279,-0.6138933709801799,0.7678138261328047,-0.1286428561133169,-0.21808878065258566,-0.4041677086220552,0.15305117449384148,-0.01663198342839047,-0.08983301744366297
L000891,0,-0.4004408955910523,0.030753458482931165,0.5561778816700746,-0.6138933709801799,-0.09238743909030678,0.15518505293030488,-0.21808878065258566,0.7810590528828254,-0.09440968447107477,0.04983992437347198,0.3847431394282489
L000522,0,0.007869164649343572,0.030753458482931165,-0.4333850513104062,-0.04894731039431733,-0.34930193409986465,-0.008714963366191718,0.2597621292495391,-0.4041677086220552,-0.06899996894570645,0.04983992437347198,0.3847431394282489
L000541,1,0.07264440019209147,0.030753458482931165,0.3258705094222304,-0.6138933709801799,-0.09238743909030678,-0.027270381633446136,-0.15894820560864595,-0.4041677086220552,-0.06899996894570645,0.14853649413931486,-0.08983301744366297
L000226,1,-0.26876307161585233,0.030753458482931165,0.3258705094222304,-1.0752389374828009,0.7678138261328047,-0.027270381633446136,-0.3041302154531437,-0.4041677086220552,0.15305117449384148,0.14853649413931486,-0.828378859551275
L000048,1,0.4801317536810237,0.030753458482931165,-0.4333850513104062,0.43334500139536397,-0.09238743909030678,-0.008714963366191718,0.2597621292495391,0.6212103519409292,-0.06899996894570645,-0.18538146267680133,-0.828378859551275
L000624,0,0.007869164649343572,0.030753458482931165,-0.02030171231735279,0.8706712115725123,0.3294045623052862,0.15518505293030488,0.7030975114131134,-0.4041677086220552,0.15305117449384148,0.04983992437347198,-0.828378859551275
L000405,1,0.007869164649343572,-0.42654351949368957,-0.1515680983110234,0.43334500139536397,-0.34930193409986465,0.15518505293030488,0.7030975114131134,-0.4041677086220552,-0.09440968447107477,-0.0073983074814449245,-0.828378859551275
L000721,0,0.07264440019209147,-0.42654351949368957,0.3258705094222304,-0.6138933709801799,-0.34930193409986465,-0.008714963366191718,0.2597621292495391,-0.4041677086220552,-0.09440968447107477,-0.0073983074814449245,-0.828378859551275
L000186,1,0.07264440019209147,0.030753458482931165,-0.1515680983110234,-1.0752389374828009,-0.34930193409986465,-0.008714963366191718,-0.21808878065258566,-0.3820917569228556,0.15305117449384148,-0.01663198342839047,0.3847431394282489
L000577,1,-0.4004408955910523,0.030753458482931165,-0.02030171231735279,0.43334500139536397,-0.09238743909030678,0.15518505293030488,-0.21808878065258566,0.26660366106625594,-0.06899996894570645,-0.01663198342839047,-0.08983301744366297
L000649,0,0.07264440019209147,0.030753458482931165,-0.02030171231735279,-1.0752389374828009,-0.09238743909030678,-0.1286428561133169,0.7030975114131134,0.26660366106625594,0.15305117449384148,0.04983992437347198,0.3847431394282489
L000324,1,-0.26876307161585233,1.078310576350757,-0.1515680983110234,0.43334500139536397,0.3294045623052862,-0.1286428561133169,-0.21808878065258566,0.26660366106625594,-0.06899996894570645,0.14853649413931486,-0.828378859551275
L000746,1,0.07264440019209147,-0.42654351949368957,-0.1515680983110234,-0.6138933709801799,0.3294045623052862,0.15518505293030488,0.2597621292495391,0.26660366106625594,-0.09440968447107477,0.04983992437347198,0.3847431394282489
L000041,1,-0.26876307161585233,0.030753458482931165,-0.1515680983110234,-0.6138933709801799,0.3294045623052862,-0.008714963366191718,0.2597621292495391,-0.4041677086220552,-0.06899996894570645,0.04983992437347198,-0.828378859551275
L000699,0,0.4801317536810237,0.030753458482931165,-0.1515680983110234,0.8706712115725123,-0.09238743909030678,-0.1286428561133169,0.2597621292495391,-0.4041677086220552,-0.09440968447107477,-0.18538146267680133,0.3847431394282489
L000267,0,0.007869164649343572,0.030753458482931165,0.5561778816700746,0.8706712115725123,0.3294045623052862,-0.008714963366191718,0.7030975114131134,0.26660366106625594,0.15305117449384148,-0.01663198342839047,0.3847431394282489
L000875,1,0.007869164649343572,-0.42654351949368957,-0.02030171231735279,-0.6138933709801799,-0.09238743909030678,-0.1286428561133169,-0.21808878065258566,-0.4041677086220552,-0.09440968447107477,-0.01663198342839047,-0.08983301744366297
L000623,1,-0.4004408955910523,0.030753458482931165,-0.02030171231735279,-0.6138933709801799,-0.09238743909030678,-0.1286428561133169,-0.21808878065258566,-0.4041677086220552,-0.06899996894570645,0.14853649413931486,-0.08983301744366297
L000101,1,0.007869164649343572,0.1392051667104306,-0.1515680983110234,-0.6138933709801799,-0.09238743909030678,-0.1286428561133169,0.2597621292495391,0.26660366106625594,0.15305117449384148,0.04983992437347198,0.3847431394282489
L000564,1,0.007869164649343572,0.030753458482931165,-0.02030171231735279,-0.6138933709801799,-0.09238743909030678,-0.008714963366191718,0.2597621292495391,-0.4041677086220552,-0.06899996894570645,0.14853649413931486,0.3847431394282489
L000606,0,0.4801317536810237,0.030753458482931165,-0.02030171231735279,0.8706712115725123,-0.09238743909030678,-0.1286428561133169,0.2597621292495391,0.26660366106625594,-0.09440968447107477,-0.18538146267680133,0.3847431394282489
L000229,1,0.007869164649343572,0.030753458482931165,-0.1515680983110234,-0.6138933709801799,-0.1589482056086457,-0.008714963366191718,-0.15894820560864595,0.26660366106625594,-0.09440968447107477,-0.0073983074814449245,0.3847431394282489
L000720,1,0.07264440019209147,0.030753458482931165,-0.1515680983110234,-1.0752389374828009,0.3294045623052862,-0.027270381633446136,-0.3041302154531437,-0.3820917569228556,-0.09440968447107477,0.04983992437347198,-0.828378859551275
L000274,0,0.4801317536810237,-0.4774019367271804,0.3258705094222304,-0.6138933709801799,0.3294045623052862,0.15518505293030488,0.2597621292495391,-0.4041677086220552,-0.09440968447107477,-0.0073983074814449245,-0.08983301744366297
L000408,1,-0.4004408955910523,0.030753458482931165,-0.1515680983110234,-0.04894731039431733,-0.09238743909030678,-0.008714963366191718,-0.21808878065258566,0.6212103519409292,0.15305117449384148,-0.01663198342839047,0.3847431394282489
L000215,1,0.007869164649343572,0.030753458482931165,0.3258705094222304,-0.6138933709801799,-0.34930193409986465,0.15518505293030488,-0.21808878065258566,0.26660366106625594,-0.06899996894570645,0.14853649413931486,-0.828378859551275
L000450,1,-0.4004408955910523,1.078310576350757,-0.1515680983110234,0.43334500139536397,-0.09238743909030678,-0.008714963366191718,-0.21808878065258566,-0.4041677086220552,-0.06899996894570645,-0.01663198342839047,0.3847431394282489
L000428,0,0.07264440019209147,-0.42654351949368957,-0.1515680983110234,0.43334500139536397,-0.09238743909030678,-0.008714963366191718,0.7030975114131134,0.26660366106625594,-0.06899996894570645,-0.18538146267680133,0.3847431394282489
L000979,1,-0.26876307161585233,0.030753458482931165,0.3258705094222304,0.43334500139536397,-0.09238743909030678,-0.1286428561133169,-0.21808878065258566,-0.4041677086220552,-0.06899996894570645,-0.18538146267680133,0.3847431394282489
L000711,0,0.007869164649343572,0.030753458482931165,-0.1515680983110234,0.43334500139536397,-0.09238743909030678,-0.008714963366191718,0.2597621292495391,-0.4041677086220552,0.15305117449384148,0.14853649413931486,-0.08983301744366297
L000870,1,0.4801317536810237,0.030753458482931165,-0.02030171231735279,-1.0752389374828009,-0.09238743909030678,-0.027270381633446136,-0.15894820560864595,-0.4041677086220552,-0.06899996894570645,-0.18538146267680133,-0.828378859551275
L000777,1,-0.26876307161585233,0.030753458482931165,0.3258705094222304,-0.6138933709801799,-0.09238743909030678,-0.027270381633446136,-0.21808878065258566,-0.4041677086220552,-0.09440968447107477,0.14853649413931486,0.3847431394282489
L000017,0,0.07264440019209147,0.030753458482931165,-0.1515680983110234,0.43334500139536397,-0.34930193409986465,0.15518505293030488,0.2597621292495391,0.6212103519409292,0.15305117449384148,0.04983992437347198,0.3847431394282489
L000646,1,0.4801317536810237,0.030753458482931165,0.3258705094222304,0.8706712115725123,-0.09238743909030678,-0.008714963366191718,0.7030975114131134,-0.4041677086220552,0.15305117449384148,-0.0073983074814449245,-0.08983301744366297
L000209,1,0.07264440019209147,-0.42654351949368957,-0.1515680983110234,-0.04894731039431733,-0.09238743909030678,-0.1286428561133169,0.2597621292495391,-0.4041677086220552,-0.06899996894570645,0.14853649413931486,-0.08983301744366297
L000388,1,-0.26876307161585233,0.030753458482931165,-0.02030171231735279,-0.6138933709801799,0.3294045623052862,-0.1286428561133169,-0.21808878065258566,-0.4041677086220552,-0.09440968447107477,-0.0073983074814449245,-0.08983301744366297
L000377,0,-0.4004408955910523,-0.4774019367271804,-0.02030171231735279,-1.0752389374828009,-0.09238743909030678,-0.008714963366191718,0.2597621292495391,-0.4041677086220552,-0.09440968447107477,0.04983992437347198,-0.08983301744366297
L000703,0,0.007869164649343572,0.030753458482931165,0.3258705094222304,0.43334500139536397,-0.09238743909030678,-0.1286428561133169,-0.21808878065258566,0.6212103519409292,-0.09440968447107477,0.14853649413931486,-0.08983301744366297
L000345,1,0.007869164649343572,0.1392051667104306,-0.02030171231735279,0.8706712115725123,0.3294045623052862,0.15518505293030488,-0.21808878065258566,-0.4041677086220552,-0.06899996894570645,-0.18538146267680133,0.3847431394282489
L000614,1,-0.4004408955910523,0.030753458482931165,-0.02030171231735279,-0.04894731039431733,-0.09238743909030678,-0.1286428561133169,-0.21808878065258566,0.26660366106625594,-0.06899996894570645,-0.18538146267680133,0.3847431394282489
L000231,1,-0.4004408955910523,0.030753458482931165,-0.02030171231735279,0.43334500139536397,-0.09238743909030678,-0.008714963366191718,-0.3041302154531437,-0.4041677086220552,-0.09440968447107477,-0.18538146267680133,0.3847431394282489
L000200,1,0.007869164649343572,0.030753458482931165,-0.1515680983110234,0.43334500139536397,-0.09238743909030678,-0.008714963366191718,0.2597621292495391,-0.4041677086220552,-0.09440968447107477,-0.18538146267680133,0.3847431394282489
L000556,0,0.007869164649343572,-0.42654351949368957,0.5561778816700746,0.43334500139536397,-0.09238743909030678,-0.1286428561133169,0.2597621292495391,-0.4041677086220552,-0.06899996894570645,-0.0073983074814449245,-0.828378859551275
L000424,1,0.07264440019209147,0.030753458482931165,-0.1515680983110234,-0.6138933709801799,-0.09238743909030678,-0.027270381633446136,-0.3041302154531437,0.26660366106625594,-0.06899996894570645,-0.18538146267680133,0.3847431394282489
L000525,1,0.007869164649343572,0.030753458482931165,-0.1515680983110234,-0.6138933709801799,-0.09238743909030678,-0.008714963366191718,-0.21808878065258566,-0.4041677086220552,0.15305117449384148,-0.18538146267680133,-0.828378859551275
L000534,1,0.007869164649343572,0.030753458482931165,-0.1515680983110234,-0.6138933709801799,0.3294045623052862,-0.1286428561133169,-0.3041302154531437,-0.4041677086220552,-0.06899996894570645,-0.01663198342839047,0.3847431394282489
L000464,0,0.07264440019209147,0.030753458482931165,-0.02030171231735279,0.43334500139536397,-0.09238743909030678,-0.1286428561133169,0.2597621292495391,0.26660366106625594,-0.06899996894570645,-0.0073983074814449245,-0.08983301744366297
L000452,0,0.4801317536810237,0.030753458482931165,-0.1515680983110234,-0.6138933709801799,0.7678138261328047,-0.027270381633446136,-0.21808878065258566,-0.4041677086220552,0.15305117449384148,0.04983992437347198,0.3847431394282489
L000333,1,-0.4004408955910523,0.030753458482931165,-0.4333850513104062,-0.04894731039431733,-0.34930193409986465,-0.1286428561133169,-0.21808878065258566,-0.4041677086220552,0.15305117449384148,0.14853649413931486,-0.08983301744366297
L000447,0,0.007869164649343572,-0.42654351949368957,-0.1515680983110234,-0.04894731039431733,-0.09238743909030678,0.15518505293030488,0.2597621292495391,0.26660366106625594,-0.06899996894570645,-0.18538146267680133,-0.08983301744366297
L000985,1,-0.4004408955910523,0.030753458482931165,-0.1515680983110234,-0.6138933709801799,-0.09238743909030678,-0.1286428561133169,-0.21808878065258566,0.26660366106625594,0.15305117449384148,0.14853649413931486,-0.828378859551275
L000927,1,0.007869164649343572,0.030753458482931165,-0.1515680983110234,-0.04894731039431733,-0.09238743909030678,-0.1286428561133169,-0.15894820560864595,-0.4041677086220552,0.15305117449384148,-0.0073983074814449245,0.3847431394282489
L000621,0,0.007869164649343572,0.1392051667104306,-0.02030171231735279,-0.6138933709801799,-0.09238743909030678,-0.1286428561133169,-0.15894820560864595,0.26660366106625594,-0.09440968447107477,0.14853649413931486,-0.08983301744366297
L000108,0,0.4801317536810237,0.030753458482931165,-0.1515680983110234,0.43334500139536397,-0.09238743909030678,-0.027270381633446136,0.2597621292495391,-0.4041677086220552,0.15305117449384148,-0.0073983074814449245,0.3847431394282489
L000701,0,0.007869164649343572,0.030753458482931165,0.5561778816700746,0.43334500139536397,-0.09238743909030678,-0.008714963366191718,-0.21808878065258566,0.7810590528828254,0.15305117449384148,0.04983992437347198,-0.08983301744366297
L000137,1,-0.4004408955910523,0.1392051667104306,-0.1515680983110234,-0.04894731039431733,-0.09238743909030678,-0.027270381633446136,-0.3041302154531437,-0.3820917569228556,0.15305117449384148,0.14853649413931486,0.3847431394282489
L000098,1,-0.26876307161585233,-0.42654351949368957,-0.1515680983110234,0.43334500139536397,-0.34930193409986465,-0.008714963366191718,-0.3041302154531437,0.6212103519409292,0.15305117449384148,-0.0073983074814449245,-0.828378859551275
L000490,1,0.007869164649343572,0.030753458482931165,-0.02030171231735279,-0.6138933709801799,-0.09238743909030678,-0.1286428561133169,0.7030975114131134,0.7810590528828254,0.15305117449384148,0.04983992437347198,-0.828378859551275
L000779,1,0.4801317536810237,0.030753458482931165,-0.1515680983110234,0.43334500139536397,-0.09238743909030678,0.15518505293030488,-0.15894820560864595,-0.4041677086220552,-0.06899996894570645,0.14853649413931486,0.3847431394282489
L000502,1,0.007869164649343572,-0.4774019367271804,-0.02030171231735279,-0.6138933709801799,-0.09238743909030678,-0.1286428561133169,-0.15894820560864595,-0.4041677086220552,0.15305117449384148,0.04983992437347198,0.3847431394282489
L000887,0,0.07264440019209147,0.030753458482931165,-0.4333850513104062,0.43334500139536397,0.7678138261328047,-0.027270381633446136,0.2597621292495391,0.26660366106625594,-0.06899996894570645,-0.18538146267680133,0.3847431394282489
L000298,0,0.07264440019209147,0.030753458482931165,-0.1515680983110234,-0.6138933709801799,-0.09238743909030678,0.15518505293030488,-0.3041302154531437,0.6212103519409292,-0.06899996894570645,-0.18538146267680133,-0.08983301744366297
L000736,0,-0.4004408955910523,0.1392051667104306,0.3258705094222304,0.43334500139536397,-0.09238743909030678,0.15518505293030488,-0.21808878065258566,0.6212103519409292,-0.06899996894570645,0.04983992437347198,-0.08983301744366297
L000211,1,0.007869164649343572,-0.42654351949368957,-0.02030171231735279,-0.6138933709801799,-0.34930193409986465,0.15518505293030488,0.7030975114131134,-0.4041677086220552,0.15305117449384148,0.04983992437347198,-0.828378859551275
L000511,0,0.07264440019209147,0.030753458482931165,0.3258705094222304,-0.04894731039431733,0.7678138261328047,0.15518505293030488,0.7030975114131134,-0.4041677086220552,-0.09440968447107477,0.04983992437347198,-0.08983301744366297
L000381,1,0.07264440019209147,-0.42654351949368957,-0.4333850513104062,-0.6138933709801799,0.3294045623052862,-0.1286428561133169,-0.21808878065258566,-0.4041677086220552,0.15305117449384148,-0.18538146267680133,-0.828378859551275
L000566,1,0.07264440019209147,0.030753458482931165,-0.4333850513104062,0.8706712115725123,-0.09238743909030678,0.15518505293030488,-0.21808878065258566,0.7810590528828254,-0.06899996894570645,0.04983992437347198,-0.828378859551275
L000766,1,-0.26876307161585233,-0.4774019367271804,-0.02030171231735279,-1.0752389374828009,-0.34930193409986465,-0.027270381633446136,0.2597621292495391,0.26660366106625594,0.15305117449384148,0.14853649413931486,-0.08983301744366297
L000325,1,-0.4004408955910523,0.030753458482931165,-0.1515680983110234,-0.6138933709801799,0.7678138261328047,-0.027270381633446136,-0.21808878065258566,-0.4041677086220552,0.15305117449384148,0.04983992437347198,0.3847431394282489
L000943,1,0.007869164649343572,0.1392051667104306,-0.02030171231735279,-0.04894731039431733,-0.09238743909030678,-0.1286428561133169,-0.21808878065258566,-0.3820917569228556,-0.09440968447107477,-0.0073983074814449245,-0.828378859551275
L000414,1,0.007869164649343572,0.030753458482931165,-0.02030171231735279,-0.6138933709801799,0.3294045623052862,-0.027270381633446136,0.2597621292495391,0.6212103519409292,-0.09440968447107477,-0.18538146267680133,-0.828378859551275
L000616,1,0.007869164649343572,-0.4774019367271804,-0.4333850513104062,-0.6138933709801799,-0.09238743909030678,-0.027270381633446136,0.2597621292495391,0.26660366106625594,-0.09440968447107477,-0.01663198342839047,-0.08983301744366297
L000096,1,-0.4004408955910523,0.030753458482931165,0.5561778816700746,-0.6138933709801799,-0.09238743909030678,-0.1286428561133169,0.2597621292495391,-0.4041677086220552,0.15305117449384148,0.04983992437347198,-0.08983301744366297
L000946,0,0.007869164649343572,0.030753458482931165,-0.1515680983110234,0.43334500139536397,-0.09238743909030678,-0.1286428561133169,-0.21808878065258566,0.26660366106625594,0.15305117449384148,0.04983992437347198,-0.08983301744366297
L000016,0,0.07264440019209147,1.078310576350757,-0.02030171231735279,-0.6138933709801799,0.3294045623052862,-0.1286428561133169,-0.21808878065258566,0.7810590528828254,-0.09440968447107477,0.04983992437347198,-0.828378859551275
L000220,1,0.4801317536810237,0.030753458482931165,-0.02030171231735279,-0.6138933709801799,-0.09238743909030678,-0.008714963366191718,-0.21808878065258566,0.26660366106625594,-0.06899996894570645,0.04983992437347198,-0.08983301744366297
L000708,1,0.007869164649343572,0.030753458482931165,-0.1515680983110234,-0.6138933709801799,-0.34930193409986465,-0.1286428561133169,-0.21808878065258566,0.26660366106625594,-0.09440968447107477,-0.18538146267680133,-0.08983301744366297
L000548,1,0.007869164649343572,-0.4774019367271804,0.3258705094222304,-0.04894731039431733,-0.09238743909030678,-0.1286428561133169,0.2597621292495391,0.26660366106625594,-0.06899996894570645,0.14853649413931486,-0.08983301744366297
L000970,1,0.07264440019209147,0.030753458482931165,-0.1515680983110234,-0.6138933709801799,-0.09238743909030678,-0.027270381633446136,0.2597621292495391,-0.4041677086220552,-0.09440968447107477,-0.0073983074814449245,-0.828378859551275
L000135,1,0.007869164649343572,0.030753458482931165,-0.02030171231735279,-1.0752389374828009,-0.09238743909030678,-0.1286428561133169,0.2597621292495391,-0.4041677086220552,-0.06899996894570645,-0.0073983074814449245,0.3847431394282489
L000499,1,0.07264440019209147,0.030753458482931165,-0.02030171231735279,-0.6138933709801799,-0.09238743909030678,-0.008714963366191718,-0.3041302154531437,-0.4041677086220552,-0.09440968447107477,0.14853649413931486,0.3847431394282489
L000648,1,0.4801317536810237,0.030753458482931165,-0.1515680983110234,0.43334500139536397,-0.34930193409986465,-0.1286428561133169,-0.21808878065258566,-0.4041677086220552,-0.06899996894570645,-0.18538146267680133,0.3847431394282489
L000929,0,0.007869164649343572,0.030753458482931165,-0.4333850513104062,-0.6138933709801799,-0.09238743909030678,0.15518505293030488,-0.3041302154531437,0.6212103519409292,-0.06899996894570645,0.14853649413931486,-0.08983301744366297
L000933,0,0.07264440019209147,0.030753458482931165,0.3258705094222304,0.8706712115725123,0.7678138261328047,-0.1286428561133169,0.2597621292495391,-0.4041677086220552,-0.06899996894570645,-0.18538146267680133,0.3847431394282489
L000583,1,0.4801317536810237,-0.4774019367271804,-0.02030171231735279,0.43334500139536397,-0.09238743909030678,-0.008714963366191718,-0.21808878065258566,-0.4041677086220552,-0.09440968447107477,0.14853649413931486,0.3847431394282489
L000516,1,0.07264440019209147,0.030753458482931165,-0.1515680983110234,-0.6138933709801799,-0.34930193409986465,-0.027270381633446136,0.7030975114131134,-0.4041677086220552,-0.09440968447107477,-0.01663198342839047,-0.828378859551275
L000292,1,-0.26876307161585233,0.030753458482931165,0.3258705094222304,0.43334500139536397,-0.09238743909030678,-0.1286428561133169,-0.21808878065258566,-0.4041677086220552,0.15305117449384148,-0.01663198342839047,0.3847431394282489
L000032,0,0.4801317536810237,0.1392051667104306,0.3258705094222304,0.8706712115725123,-0.09238743909030678,0.15518505293030488,-0.21808878065258566,0.7810590528828254,-0.06899996894570645,0.14853649413931486,0.3847431394282489
L000668,1,-0.4004408955910523,0.030753458482931165,-0.1515680983110234,0.43334500139536397,-0.09238743909030678,-0.027270381633446136,-0.21808878065258566,-0.4041677086220552,-0.06899996894570645,0.14853649413931486,0.3847431394282489
L000549,1,-0.4004408955910523,-0.42654351949368957,-0.02030171231735279,-0.6138933709801799,-0.34930193409986465,-0.008714963366191718,-0.15894820560864595,-0.4041677086220552,-0.06899996894570645,0.04983992437347198,-0.08983301744366297
L000475,1,0.007869164649343572,0.030753458482931165,-0.1515680983110234,0.43334500139536397,-0.09238743909030678,0.15518505293030488,-0.3041302154531437,-0.4041677086220552,-0.06899996894570645,-0.0073983074814449245,0.3847431394282489
L000527,1,0.07264440019209147,-0.42654351949368957,-0.1515680983110234,0.43334500139536397,-0.09238743909030678,-0.008714963366191718,-0.21808878065258566,0.26660366106625594,-0.06899996894570645,-0.0073983074814449245,-0.08983301744366297
L000978,1,0.4801317536810237,0.030753458482931165,-0.1515680983110234,-0.6138933709801799,-0.09238743909030678,-0.027270381633446136,-0.21808878065258566,-0.4041677086220552,0.15305117449384148,-0.01663198342839047,0.3847431394282489
L000346,0,0.007869164649343572,0.030753458482931165,-0.02030171231735279,0.43334500139536397,-0.1589482056086457,-0.008714963366191718,-0.21808878065258566,0.26660366106625594,0.15305117449384148,-0.18538146267680133,-0.08983301744366297
L000031,1,0.007869164649343572,-0.42654351949368957,-0.02030171231735279,-0.6138933709801799,-0.34930193409986465,-0.027270381633446136,-0.3041302154531437,-0.4041677086220552,-0.06899996894570645,0.04983992437347198,-0.08983301744366297
L000376,0,0.007869164649343572,0.030753458482931165,-0.02030171231735279,0.8706712115725123,0.3294045623052862,-0.027270381633446136,0.7030975114131134,-0.4041677086220552,-0.09440968447107477,-0.0073983074814449245,0.3847431394282489
L000987,0,-0.4004408955910523,0.030753458482931165,-0.1515680983110234,0.43334500139536397,-0.09238743909030678,0.15518505293030488,-0.21808878065258566,0.7810590528828254,0.15305117449384148,0.14853649413931486,0.3847431394282489
L000332,0,-0.4004408955910523,0.030753458482931165,-0.02030171231735279,0.43334500139536397,-0.1589482056086457,-0.027270381633446136,-0.21808878065258566,-0.4041677086220552,0.15305117449384148,-0.18538146267680133,0.3847431394282489
L000498,1,0.07264440019209147,0.030753458482931165,-0.1515680983110234,-0.6138933709801799,-0.09238743909030678,-0.008714963366191718,-0.15894820560864595,0.26660366106625594,-0.09440968447107477,-0.18538146267680133,-0.08983301744366297
L000903,1,0.4801317536810237,-0.4774019367271804,0.3258705094222304,0.43334500139536397,-0.09238743909030678,0.15518505293030488,-0.21808878065258566,-0.4041677086220552,0.15305117449384148,0.14853649413931486,0.3847431394282489
L000841,0,0.007869164649343572,1.078310576350757,-0.02030171231735279,-0.6138933709801799,-0.09238743909030678,-0.027270381633446136,0.2597621292495391,-0.4041677086220552,-0.09440968447107477,-0.0073983074814449245,-0.828378859551275
L000908,1,-0.4004408955910523,0.030753458482931165,0.3258705094222304,0.43334500139536397,-0.09238743909030678,-0.008714963366191718,0.2597621292495391,0.7810590528828254,-0.09440968447107477,-0.18538146267680133,-0.828378859551275
L000705,1,0.07264440019209147,0.030753458482931165,-0.1515680983110234,0.8706712115725123,-0.09238743909030678,0.15518505293030488,-0.21808878065258566,-0.4041677086220552,-0.09440968447107477,-0.01663198342839047,0.3847431394282489
L000300,1,0.4801317536810237,0.030753458482931165,0.3258705094222304,-0.6138933709801799,-0.34930193409986465,-0.008714963366191718,-0.15894820560864595,0.26660366106625594,0.15305117449384148,-0.01663198342839047,0.3847431394282489
L000593,1,0.07264440019209147,0.030753458482931165,-0.1515680983110234,-0.6138933709801799,-0.09238743909030678,-0.008714963366191718,-0.15894820560864595,-0.4041677086220552,-0.09440968447107477,-0.18538146267680133,-0.828378859551275
L000103,1,0.007869164649343572,-0.42654351949368957,0.3258705094222304,0.43334500139536397,-0.09238743909030678,-0.008714963366191718,-0.21808878065258566,-0.4041677086220552,-0.06899996894570645,-0.0073983074814449245,-0.828378859551275
L000769,0,-0.4004408955910523,1.078310576350757,-0.1515680983110234,-0.04894731039431733,0.3294045623052862,0.15518505293030488,-0.21808878065258566,-0.4041677086220552,0.15305117449384148,-0.18538146267680133,0.3847431394282489
L000001,1,0.007869164649343572,-0.4774019367271804,0.3258705094222304,0.43334500139536397,-0.09238743909030678,-0.008714963366191718,-0.21808878065258566,-0.4041677086220552,-0.09440968447107477,0.14853649413931486,0.3847431394282489
L000104,1,0.007869164649343572,-0.42654351949368957,-0.1515680983110234,-0.6138933709801799,-0.09238743909030678,-0.1286428561133169,0.2597621292495391,0.6212103519409292,0.15305117449384148,-0.0073983074814449245,-0.828378859551275
L000080,1,0.007869164649343572,0.030753458482931165,0.5561778816700746,-0.6138933709801799,-0.09238743909030678,0.15518505293030488,-0.21808878065258566,-0.4041677086220552,0.15305117449384148,-0.18538146267680133,0.3847431394282489
L000006,1,0.007869164649343572,0.030753458482931165,0.5561778816700746,-1.0752389374828009,-0.09238743909030678,-0.1286428561133169,-0.21808878065258566,-0.4041677086220552,0.15305117449384148,0.14853649413931486,-0.08983301744366297
L000026,1,0.007869164649343572,-0.4774019367271804,-0.4333850513104062,-0.6138933709801799,-0.34930193409986465,-0.008714963366191718,-0.21808878065258566,0.26660366106625594,0.15305117449384148,0.14853649413931486,-0.08983301744366297
L000235,1,-0.26876307161585233,-0.42654351949368957,-0.1515680983110234,0.8706712115725123,-0.34930193409986465,0.15518505293030488,-0.21808878065258566,-0.4041677086220552,-0.06899996894570645,0.14853649413931486,-0.828378859551275
L000980,0,0.4801317536810237,0.030753458482931165,-0.02030171231735279,0.43334500139536397,-0.09238743909030678,-0.008714963366191718,0.2597621292495391,0.6212103519409292,-0.09440968447107477,0.14853649413931486,0.3847431394282489
L000336,1,0.007869164649343572,0.030753458482931165,0.3258705094222304,-0.6138933709801799,-0.09238743909030678,-0.027270381633446136,-0.21808878065258566,-0.4041677086220552,-0.06899996894570645,-0.01663198342839047,0.3847431394282489
L000958,1,0.007869164649343572,-0.42654351949368957,-0.1515680983110234,-0.6138933709801799,-0.34930193409986465,0.15518505293030488,-0.21808878065258566,-0.3820917569228556,-0.09440968447107477,0.14853649413931486,0.3847431394282489
L000501,1,0.07264440019209147,0.030753458482931165,-0.4333850513104062,-0.04894731039431733,-0.09238743909030678,0.15518505293030488,-0.21808878065258566,-0.4041677086220552,-0.09440968447107477,0.14853649413931486,-0.828378859551275
L000441,1,0.07264440019209147,0.030753458482931165,-0.1515680983110234,-0.6138933709801799,-0.09238743909030678,-0.1286428561133169,-0.21808878065258566,0.6212103519409292,-0.09440968447107477,-0.0073983074814449245,-0.08983301744366297
L000693,0,0.4801317536810237,-0.42654351949368957,-0.1515680983110234,-0.04894731039431733,-0.09238743909030678,-0.008714963366191718,-0.3041302154531437,-0.3820917569228556,0.15305117449384148,0.14853649413931486,0.3847431394282489
L000379,1,0.07264440019209147,-0.42654351949368957,-0.1515680983110234,-0.6138933709801799,-0.1589482056086457,-0.008714963366191718,0.7030975114131134,0.7810590528828254,0.15305117449384148,0.14853649413931486,-0.08983301744366297
L000573,1,0.007869164649343572,0.030753458482931165,-0.02030171231735279,-0.04894731039431733,-0.1589482056086457,-0.008714963366191718,-0.15894820560864595,0.6212103519409292,-0.06899996894570645,-0.0073983074814449245,-0.828378859551275
L000519,1,0.07264440019209147,0.030753458482931165,0.3258705094222304,0.8706712115725123,-0.1589482056086457,0.15518505293030488,-0.3041302154531437,-0.4041677086220552,-0.06899996894570645,0.04983992437347198,0.3847431394282489
L000086,0,0.07264440019209147,-0.42654351949368957,0.3258705094222304,0.43334500139536397,-0.09238743909030678,-0.027270381633446136,0.2597621292495391,0.6212103519409292,0.15305117449384148,-0.18538146267680133,-0.08983301744366297
L000662,0,0.07264440019209147,0.030753458482931165,-0.1515680983110234,-1.0752389374828009,0.3294045623052862,0.15518505293030488,-0.21808878065258566,0.26660366106625594,0.15305117449384148,-0.01663198342839047,0.3847431394282489
L000221,0,0.07264440019209147,0.030753458482931165,0.3258705094222304,0.43334500139536397,-0.34930193409986465,-0.1286428561133169,-0.21808878065258566,0.26660366106625594,-0.06899996894570645,-0.18538146267680133,0.3847431394282489
L000246,0,0.007869164649343572,-0.4774019367271804,-0.1515680983110234,-1.0752389374828009,-0.09238743909030678,-0.027270381633446136,0.7030975114131134,0.26660366106625594,0.15305117449384148,0.14853649413931486,0.3847431394282489
L000047,0,0.007869164649343572,-0.42654351949368957,-0.02030171231735279,-0.6138933709801799,-0.09238743909030678,-0.027270381633446136,-0.21808878065258566,0.6212103519409292,-0.09440968447107477,-0.0073983074814449245,-0.828378859551275
L000905,0,0.007869164649343572,0.030753458482931165,0.3258705094222304,-0.6138933709801799,0.3294045623052862,-0.008714963366191718,-0.21808878065258566,0.26660366106625594,0.15305117449384148,0.14853649413931486,-0.08983301744366297
L000758,0,0.007869164649343572,0.030753458482931165,-0.1515680983110234,-1.0752389374828009,-0.09238743909030678,-0.027270381633446136,0.2597621292495391,-0.4041677086220552,0.15305117449384148,-0.0073983074814449245,0.3847431394282489
L000459,1,0.007869164649343572,0.1392051667104306,-0.1515680983110234,-0.6138933709801799,-0.34930193409986465,-0.008714963366191718,-0.21808878065258566,-0.4041677086220552,0.15305117449384148,-0.0073983074814449245,0.3847431394282489
L000287,0,0.4801317536810237,1.078310576350757,0.5561778816700746,0.43334500139536397,-0.09238743909030678,0.15518505293030488,-0.21808878065258566,0.7810590528828254,-0.09440968447107477,-0.01663198342839047,0.3847431394282489
L000825,1,0.007869164649343572,0.030753458482931165,-0.02030171231735279,-0.6138933709801799,-0.1589482056086457,-0.1286428561133169,-0.21808878065258566,0.6212103519409292,-0.06899996894570645,0.14853649413931486,0.3847431394282489
L000836,1,0.07264440019209147,-0.42654351949368957,0.5561778816700746,-0.6138933709801799,-0.09238743909030678,0.15518505293030488,-0.21808878065258566,-0.4041677086220552,-0.09440968447107477,0.14853649413931486,0.3847431394282489
L000476,1,0.4801317536810237,0.030753458482931165,-0.1515680983110234,0.43334500139536397,-0.09238743909030678,0.15518505293030488,-0.21808878065258566,-0.4041677086220552,-0.09440968447107477,-0.18538146267680133,0.3847431394282489
L000454,1,0.007869164649343572,-0.4774019367271804,-0.02030171231735279,0.8706712115725123,-0.09238743909030678,0.15518505293030488,-0.21808878065258566,0.7810590528828254,-0.06899996894570645,0.14853649413931486,-0.08983301744366297
L000520,1,0.007869164649343572,-0.4774019367271804,-0.02030171231735279,-0.6138933709801799,-0.1589482056086457,0.15518505293030488,-0.21808878065258566,-0.4041677086220552,-0.09440968447107477,-0.01663198342839047,-0.828378859551275
L000973,0,0.07264440019209147,0.030753458482931165,-0.1515680983110234,0.43334500139536397,-0.1589482056086457,-0.1286428561133169,0.2597621292495391,0.6212103519409292,0.15305117449384148,-0.0073983074814449245,0.3847431394282489
L000805,0,0.07264440019209147,0.030753458482931165,-0.02030171231735279,0.43334500139536397,-0.09238743909030678,0.15518505293030488,0.2597621292495391,0.26660366106625594,0.15305117449384148,0.04983992437347198,0.3847431394282489
L000941,0,0.4801317536810237,0.030753458482931165,-0.02030171231735279,0.43334500139536397,-0.09238743909030678,-0.008714963366191718,-0.21808878065258566,0.26660366106625594,0.15305117449384148,0.14853649413931486,0.3847431394282489
L000828,1,0.007869164649343572,0.030753458482931165,-0.02030171231735279,0.43334500139536397,-0.09238743909030678,-0.008714963366191718,-0.15894820560864595,-0.4041677086220552,-0.09440968447107477,-0.18538146267680133,0.3847431394282489
L000143,1,0.4801317536810237,0.030753458482931165,-0.02030171231735279,0.43334500139536397,-0.34930193409986465,-0.027270381633446136,-0.3041302154531437,-0.4041677086220552,-0.06899996894570645,-0.0073983074814449245,0.3847431394282489
L000440,1,0.07264440019209147,0.030753458482931165,0.3258705094222304,0.43334500139536397,0.3294045623052862,-0.1286428561133169,-0.15894820560864595,-0.4041677086220552,-0.09440968447107477,-0.18538146267680133,-0.828378859551275
L000723,0,0.007869164649343572,1.078310576350757,-0.02030171231735279,0.43334500139536397,-0.09238743909030678,-0.008714963366191718,0.2597621292495391,0.6212103519409292,-0.06899996894570645,0.14853649413931486,0.3847431394282489
L000434,1,0.07264440019209147,0.030753458482931165,-0.1515680983110234,-0.04894731039431733,-0.09238743909030678,-0.027270381633446136,0.2597621292495391,-0.4041677086220552,0.15305117449384148,0.04983992437347198,0.3847431394282489
L000493,1,0.007869164649343572,0.030753458482931165,-0.02030171231735279,0.43334500139536397,-0.1589482056086457,-0.027270381633446136,-0.3041302154531437,0.26660366106625594,-0.09440968447107477,-0.01663198342839047,-0.08983301744366297
L000392,1,0.007869164649343572,0.030753458482931165,0.3258705094222304,-0.04894731039431733,-0.09238743909030678,-0.008714963366191718,-0.21808878065258566,-0.3820917569228556,-0.06899996894570645,0.04983992437347198,0.3847431394282489
L000008,1,0.007869164649343572,-0.42654351949368957,0.3258705094222304,-0.6138933709801799,-0.09238743909030678,-0.027270381633446136,-0.21808878065258566,-0.4041677086220552,0.15305117449384148,0.04983992437347198,0.3847431394282489
L000224,1,-0.4004408955910523,0.030753458482931165,-0.1515680983110234,-0.04894731039431733,-0.09238743909030678,-0.027270381633446136,-0.3041302154531437,-0.3820917569228556,-0.06899996894570645,-0.18538146267680133,-0.08983301744366297
L000264,1,0.007869164649343572,0.030753458482931165,0.3258705094222304,-0.6138933709801799,-0.09238743909030678,-0.027270381633446136,-0.21808878065258566,-0.4041677086220552,-0.06899996894570645,-0.01663198342839047,-0.828378859551275
L000303,1,0.007869164649343572,0.030753458482931165,0.3258705094222304,0.8706712115725123,-0.09238743909030678,0.15518505293030488,-0.15894820560864595,0.26660366106625594,-0.09440968447107477,0.04983992437347198,-0.08983301744366297
L000540,1,-0.4004408955910523,0.030753458482931165,-0.02030171231735279,-0.04894731039431733,-0.34930193409986465,-0.1286428561133169,-0.21808878065258566,-0.4041677086220552,-0.09440968447107477,-0.01663198342839047,0.3847431394282489
L000972,0,0.07264440019209147,0.030753458482931165,0.3258705094222304,0.43334500139536397,-0.09238743909030678,-0.027270381633446136,0.2597621292495391,-0.4041677086220552,0.15305117449384148,-0.18538146267680133,-0.08983301744366297
L000869,1,-0.4004408955910523,0.030753458482931165,-0.1515680983110234,-0.6138933709801799,-0.09238743909030678,-0.027270381633446136,-0.21808878065258566,-0.3820917569228556,-0.06899996894570645,0.04983992437347198,0.3847431394282489
L000051,1,0.4801317536810237,0.030753458482931165,-0.1515680983110234,-0.6138933709801799,0.3294045623052862,-0.008714963366191718,0.2597621292495391,0.6212103519409292,-0.06899996894570645,0.04983992437347198,-0.828378859551275
L000896,1,-0.26876307161585233,0.030753458482931165,-0.02030171231735279,-0.6138933709801799,-0.09238743909030678,-0.1286428561133169,0.2597621292495391,-0.4041677086220552,0.15305117449384148,-0.0073983074814449245,-0.828378859551275
L000337,1,0.007869164649343572,0.030753458482931165,0.3258705094222304,0.43334500139536397,-0.34930193409986465,-0.027270381633446136,0.2597621292495391,-0.4041677086220552,-0.09440968447107477,-0.18538146267680133,-0.08983301744366297
L000570,0,0.07264440019209147,0.030753458482931165,-0.02030171231735279,-0.6138933709801799,-0.09238743909030678,-0.027270381633446136,-0.3041302154531437,-0.4041677086220552,-0.06899996894570645,0.04983992437347198,-0.828378859551275
L000403,0,0.07264440019209147,0.030753458482931165,-0.1515680983110234,0.43334500139536397,-0.09238743909030678,-0.008714963366191718,-0.3041302154531437,0.6212103519409292,0.15305117449384148,-0.18538146267680133,0.3847431394282489
L000130,1,0.007869164649343572,0.030753458482931165,-0.1515680983110234,0.43334500139536397,-0.09238743909030678,-0.027270381633446136,-0.21808878065258566,-0.4041677086220552,-0.09440968447107477,-0.18538146267680133,-0.828378859551275
L000592,1,0.007869164649343572,0.030753458482931165,-0.4333850513104062,-0.6138933709801799,0.3294045623052862,0.15518505293030488,0.2597621292495391,-0.4041677086220552,-0.09440968447107477,-0.0073983074814449245,0.3847431394282489
L000949,1,0.007869164649343572,0.030753458482931165,-0.02030171231735279,-0.04894731039431733,-0.09238743909030678,-0.027270381633446136,-0.3041302154531437,-0.3820917569228556,-0.09440968447107477,0.04983992437347198,0.3847431394282489
L000878,0,0.007869164649343572,1.078310576350757,-0.1515680983110234,-0.6138933709801799,-0.34930193409986465,-0.008714963366191718,-0.15894820560864595,0.6212103519409292,0.15305117449384148,-0.01663198342839047,0.3847431394282489
L000732,0,0.007869164649343572,0.030753458482931165,-0.1515680983110234,-0.6138933709801799,0.3294045623052862,-0.008714963366191718,-0.21808878065258566,0.26660366106625594,0.15305117449384148,-0.01663198342839047,0.3847431394282489
L000141,1,-0.26876307161585233,-0.42654351949368957,-0.02030171231735279,0.43334500139536397,-0.09238743909030678,-0.1286428561133169,0.2597621292495391,-0.4041677086220552,0.15305117449384148,-0.18538146267680133,-0.828378859551275
L000990,0,-0.26876307161585233,0.030753458482931165,0.5561778816700746,-0.6138933709801799,-0.09238743909030678,0.15518505293030488,0.7030975114131134,-0.4041677086220552,0.15305117449384148,0.14853649413931486,-0.08983301744366297
L000046,1,-0.4004408955910523,0.030753458482931165,-0.1515680983110234,-0.6138933709801799,-0.09238743909030678,0.15518505293030488,0.2597621292495391,0.6212103519409292,0.15305117449384148,0.14853649413931486,0.3847431394282489
L000455,0,0.4801317536810237,1.078310576350757,-0.1515680983110234,0.43334500139536397,-0.09238743909030678,-0.1286428561133169,0.2597621292495391,0.26660366106625594,-0.06899996894570645,0.04983992437347198,0.3847431394282489
L000885,1,0.4801317536810237,-0.4774019367271804,0.3258705094222304,0.43334500139536397,-0.09238743909030678,-0.027270381633446136,-0.21808878065258566,-0.4041677086220552,0.15305117449384148,-0.18538146267680133,-0.828378859551275
L000406,1,-0.26876307161585233,0.030753458482931165,0.5561778816700746,-0.6138933709801799,-0.09238743909030678,0.15518505293030488,-0.3041302154531437,0.26660366106625594,-0.09440968447107477,-0.01663198342839047,0.3847431394282489
L000823,0,0.07264440019209147,0.030753458482931165,-0.1515680983110234,0.43334500139536397,-0.09238743909030678,0.15518505293030488,0.2597621292495391,0.6212103519409292,0.15305117449384148,0.04983992437347198,0.3847431394282489
L000194,0,0.4801317536810237,0.030753458482931165,0.3258705094222304,0.8706712115725123,-0.1589482056086457,-0.1286428561133169,-0.3041302154531437,-0.4041677086220552,-0.09440968447107477,-0.18538146267680133,0.3847431394282489
L000795,1,0.007869164649343572,0.030753458482931165,0.5561778816700746,0.8706712115725123,-0.09238743909030678,-0.027270381633446136,0.7030975114131134,0.26660366106625594,-0.09440968447107477,-0.18538146267680133,-0.08983301744366297
L000445,0,0.007869164649343572,0.030753458482931165,0.3258705094222304,0.43334500139536397,0.7678138261328047,-0.008714963366191718,-0.21808878065258566,0.7810590528828254,-0.09440968447107477,-0.0073983074814449245,0.3847431394282489
L000063,1,0.007869164649343572,0.030753458482931165,-0.02030171231735279,-0.6138933709801799,-0.34930193409986465,0.15518505293030488,0.2597621292495391,0.26660366106625594,-0.06899996894570645,0.04983992437347198,0.3847431394282489
L000691,1,0.007869164649343572,0.030753458482931165,0.5561778816700746,0.43334500139536397,-0.09238743909030678,-0.008714963366191718,-0.21808878065258566,-0.4041677086220552,0.15305117449384148,-0.01663198342839047,0.3847431394282489
L000660,0,-0.4004408955910523,0.030753458482931165,-0.02030171231735279,0.8706712115725123,-0.09238743909030678,-0.027270381633446136,0.7030975114131134,0.26660366106625594,-0.06899996894570645,-0.18538146267680133,0.3847431394282489
L000521,1,0.007869164649343572,0.030753458482931165,-0.02030171231735279,0.43334500139536397,-0.34930193409986465,-0.027270381633446136,-0.21808878065258566,-0.4041677086220552,-0.06899996894570645,-0.0073983074814449245,0.3847431394282489
L000010,0,0.007869164649343572,0.030753458482931165,0.3258705094222304,0.8706712115725123,0.7678138261328047,-0.027270381633446136,0.2597621292495391,0.6212103519409292,0.15305117449384148,0.04983992437347198,0.3847431394282489
L000369,1,0.007869164649343572,0.030753458482931165,-0.02030171231735279,-0.6138933709801799,-0.09238743909030678,-0.027270381633446136,0.2597621292495391,0.6212103519409292,-0.06899996894570645,0.04983992437347198,0.3847431394282489
L000526,1,-0.4004408955910523,0.030753458482931165,-0.02030171231735279,-0.6138933709801799,-0.09238743909030678,-0.1286428561133169,-0.21808878065258566,-0.4041677086220552,0.15305117449384148,-0.0073983074814449245,-0.08983301744366297
L000849,1,0.007869164649343572,-0.42654351949368957,-0.1515680983110234,-0.6138933709801799,0.3294045623052862,-0.1286428561133169,-0.21808878065258566,-0.3820917569228556,0.15305117449384148,0.04983992437347198,0.3847431394282489
L000912,0,0.07264440019209147,0.030753458482931165,0.5561778816700746,0.43334500139536397,-0.09238743909030678,-0.1286428561133169,-0.21808878065258566,0.26660366106625594,0.15305117449384148,-0.0073983074814449245,0.3847431394282489
L000957,0,0.07264440019209147,0.030753458482931165,0.3258705094222304,0.43334500139536397,0.7678138261328047,-0.1286428561133169,-0.21808878065258566,-0.4041677086220552,-0.06899996894570645,-0.0073983074814449245,0.3847431394282489
L000512,0,0.007869164649343572,0.030753458482931165,-0.02030171231735279,-0.6138933709801799,-0.09238743909030678,-0.027270381633446136,0.2597621292495391,0.6212103519409292,-0.06899996894570645,-0.01663198342839047,0.3847431394282489
L000426,0,0.007869164649343572,0.030753458482931165,-0.02030171231735279,0.43334500139536397,-0.34930193409986465,-0.1286428561133169,0.2597621292495391,-0.4041677086220552,-0.06899996894570645,-0.18538146267680133,-0.828378859551275
L000739,0,0.007869164649343572,0.030753458482931165,0.5561778816700746,0.43334500139536397,-0.09238743909030678,0.15518505293030488,0.2597621292495391,0.26660366106625594,0.15305117449384148,0.14853649413931486,-0.828378859551275
L000394,1,-0.26876307161585233,-0.4774019367271804,0.3258705094222304,0.8706712115725123,-0.34930193409986465,-0.008714963366191718,-0.21808878065258566,0.26660366106625594,0.15305117449384148,-0.18538146267680133,-0.08983301744366297
L000100,1,-0.26876307161585233,-0.42654351949368957,-0.4333850513104062,-0.6138933709801799,-0.09238743909030678,-0.008714963366191718,0.2597621292495391,-0.4041677086220552,0.15305117449384148,-0.18538146267680133,0.3847431394282489
L000122,1,0.007869164649343572,-0.42654351949368957,-0.02030171231735279,0.43334500139536397,-0.09238743909030678,-0.008714963366191718,-0.21808878065258566,-0.4041677086220552,0.15305117449384148,-0.0073983074814449245,-0.08983301744366297
L000273,0,0.4801317536810237,0.030753458482931165,0.5561778816700746,0.43334500139536397,-0.09238743909030678,0.15518505293030488,0.2597621292495391,0.7810590528828254,-0.06899996894570645,0.14853649413931486,-0.828378859551275
L000636,1,0.007869164649343572,0.030753458482931165,-0.4333850513104062,-1.0752389374828009,-0.09238743909030678,-0.027270381633446136,-0.21808878065258566,0.26660366106625594,-0.06899996894570645,0.04983992437347198,-0.828378859551275
L000282,0,0.007869164649343572,0.030753458482931165,-0.02030171231735279,-0.6138933709801799,0.7678138261328047,-0.008714963366191718,-0.21808878065258566,0.26660366106625594,-0.06899996894570645,0.04983992437347198,-0.08983301744366297
L000322,0,0.007869164649343572,1.078310576350757,0.5561778816700746,0.43334500139536397,-0.09238743909030678,-0.1286428561133169,0.2597621292495391,-0.4041677086220552,-0.06899996894570645,-0.18538146267680133,-0.828378859551275
L000294,1,-0.26876307161585233,0.030753458482931165,-0.1515680983110234,0.43334500139536397,-0.09238743909030678,-0.008714963366191718,-0.21808878065258566,-0.4041677086220552,0.15305117449384148,-0.18538146267680133,0.3847431394282489
L000247,0,0.007869164649343572,0.1392051667104306,0.3258705094222304,-0.04894731039431733,-0.09238743909030678,-0.008714963366191718,0.2597621292495391,0.26660366106625594,-0.09440968447107477,-0.18538146267680133,-0.08983301744366297
L000470,1,0.007869164649343572,0.030753458482931165,0.3258705094222304,0.43334500139536397,0.3294045623052862,-0.008714963366191718,-0.21808878065258566,-0.4041677086220552,0.15305117449384148,-0.0073983074814449245,-0.828378859551275
L000156,0,0.007869164649343572,-0.42654351949368957,0.5561778816700746,-0.6138933709801799,0.7678138261328047,-0.1286428561133169,0.7030975114131134,-0.4041677086220552,0.15305117449384148,-0.18538146267680133,0.3847431394282489
L000963,1,0.07264440019209147,1.078310576350757,-0.02030171231735279,0.43334500139536397,-0.09238743909030678,-0.1286428561133169,-0.21808878065258566,0.26660366106625594,0.15305117449384148,-0.0073983074814449245,-0.828378859551275
L000429,1,0.07264440019209147,0.030753458482931165,-0.1515680983110234,-0.04894731039431733,-0.34930193409986465,0.15518505293030488,-0.21808878065258566,0.26660366106625594,-0.06899996894570645,-0.01663198342839047,0.3847431394282489
L000169,1,0.007869164649343572,0.030753458482931165,0.3258705094222304,-0.6138933709801799,-0.34930193409986465,-0.008714963366191718,-0.21808878065258566,-0.4041677086220552,0.15305117449384148,-0.01663198342839047,-0.828378859551275
L000364,1,0.07264440019209147,0.030753458482931165,-0.1515680983110234,0.43334500139536397,-0.09238743909030678,-0.027270381633446136,-0.21808878065258566,0.7810590528828254,-0.09440968447107477,-0.0073983074814449245,-0.828378859551275
L000129,0,0.007869164649343572,0.030753458482931165,-0.02030171231735279,-0.6138933709801799,0.7678138261328047,0.15518505293030488,0.2597621292495391,0.6212103519409292,-0.09440968447107477,0.14853649413931486,-0.08983301744366297
L000589,1,0.007869164649343572,-0.42654351949368957,-0.02030171231735279,-0.04894731039431733,-0.1589482056086457,0.15518505293030488,-0.21808878065258566,0.26660366106625594,-0.09440968447107477,-0.0073983074814449245,0.3847431394282489
L000627,0,0.007869164649343572,0.030753458482931165,0.3258705094222304,0.8706712115725123,-0.09238743909030678,-0.027270381633446136,-0.15894820560864595,0.6212103519409292,0.15305117449384148,0.14853649413931486,0.3847431394282489
L000893,1,0.007869164649343572,0.030753458482931165,-0.1515680983110234,-0.6138933709801799,-0.09238743909030678,-0.027270381633446136,0.2597621292495391,-0.4041677086220552,0.15305117449384148,-0.0073983074814449245,0.3847431394282489
L000030,0,0.007869164649343572,0.030753458482931165,-0.1515680983110234,-0.6138933709801799,-0.09238743909030678,0.15518505293030488,-0.21808878065258566,-0.4041677086220552,0.15305117449384148,-0.01663198342839047,0.3847431394282489
L000500,0,0.4801317536810237,-0.4774019367271804,-0.02030171231735279,0.43334500139536397,-0.09238743909030678,-0.1286428561133169,-0.21808878065258566,-0.4041677086220552,0.15305117449384148,-0.0073983074814449245,-0.08983301744366297
L000195,0,-0.26876307161585233,0.030753458482931165,-0.02030171231735279,0.43334500139536397,-0.09238743909030678,0.15518505293030488,-0.21808878065258566,0.7810590528828254,-0.09440968447107477,-0.0073983074814449245,0.3847431394282489
L000078,1,0.007869164649343572,0.030753458482931165,-0.1515680983110234,-0.04894731039431733,0.7678138261328047,0.15518505293030488,-0.21808878065258566,0.26660366106625594,-0.06899996894570645,-0.0073983074814449245,-0.828378859551275
L000448,1,0.07264440019209147,0.030753458482931165,-0.02030171231735279,-0.6138933709801799,0.3294045623052862,-0.008714963366191718,-0.21808878065258566,0.6212103519409292,-0.06899996894570645,-0.18538146267680133,-0.828378859551275
L000019,1,-0.26876307161585233,-0.42654351949368957,-0.1515680983110234,-0.6138933709801799,0.3294045623052862,-0.027270381633446136,-0.21808878065258566,-0.4041677086220552,0.15305117449384148,0.14853649413931486,-0.08983301744366297
L000326,1,0.4801317536810237,0.030753458482931165,-0.4333850513104062,-0.04894731039431733,-0.1589482056086457,-0.1286428561133169,0.2597621292495391,0.26660366106625594,0.15305117449384148,0.04983992437347198,-0.08983301744366297
L000218,0,0.07264440019209147,0.030753458482931165,-0.1515680983110234,-0.6138933709801799,-0.09238743909030678,-0.008714963366191718,0.7030975114131134,-0.4041677086220552,0.15305117449384148,-0.18538146267680133,-0.828378859551275
L000509,1,-0.4004408955910523,0.030753458482931165,-0.02030171231735279,-0.6138933709801799,-0.09238743909030678,-0.008714963366191718,-0.21808878065258566,-0.4041677086220552,-0.09440968447107477,0.04983992437347198,0.3847431394282489
L000954,1,0.07264440019209147,-0.4774019367271804,-0.1515680983110234,-0.6138933709801799,-0.09238743909030678,-0.027270381633446136,0.2597621292495391,0.26660366106625594,-0.09440968447107477,-0.0073983074814449245,-0.08983301744366297
L000956,1,0.007869164649343572,-0.4774019367271804,-0.02030171231735279,-0.6138933709801799,-0.34930193409986465,-0.1286428561133169,0.7030975114131134,-0.4041677086220552,0.15305117449384148,-0.01663198342839047,-0.08983301744366297
L000477,1,-0.4004408955910523,-0.42654351949368957,-0.1515680983110234,-0.6138933709801799,0.3294045623052862,-0.1286428561133169,-0.21808878065258566,-0.4041677086220552,0.15305117449384148,0.04983992437347198,-0.828378859551275
L000811,0,-0.4004408955910523,0.030753458482931165,0.3258705094222304,-0.6138933709801799,-0.09238743909030678,-0.027270381633446136,-0.21808878065258566,-0.4041677086220552,-0.09440968447107477,0.14853649413931486,0.3847431394282489
L000164,0,0.007869164649343572,0.030753458482931165,-0.1515680983110234,0.8706712115725123,-0.09238743909030678,-0.027270381633446136,-0.21808878065258566,-0.4041677086220552,-0.09440968447107477,-0.01663198342839047,-0.08983301744366297
L000834,1,0.4801317536810237,-0.4774019367271804,-0.4333850513104062,-0.6138933709801799,-0.34930193409986465,-0.008714963366191718,-0.21808878065258566,-0.4041677086220552,0.15305117449384148,-0.18538146267680133,0.3847431394282489
L000608,0,-0.4004408955910523,-0.42654351949368957,0.3258705094222304,0.43334500139536397,-0.09238743909030678,-0.008714963366191718,-0.21808878065258566,0.26660366106625594,-0.06899996894570645,-0.0073983074814449245,0.3847431394282489
L000977,0,0.07264440019209147,-0.4774019367271804,-0.02030171231735279,-0.6138933709801799,-0.09238743909030678,0.15518505293030488,-0.21808878065258566,-0.4041677086220552,-0.09440968447107477,-0.18538146267680133,-0.828378859551275
L000340,0,0.007869164649343572,0.030753458482931165,0.5561778816700746,0.43334500139536397,-0.09238743909030678,-0.027270381633446136,-0.15894820560864595,-0.4041677086220552,0.15305117449384148,0.14853649413931486,0.3847431394282489
L000420,0,0.4801317536810237,1.078310576350757,-0.02030171231735279,0.43334500139536397,-0.09238743909030678,-0.008714963366191718,-0.3041302154531437,0.6212103519409292,0.15305117449384148,-0.18538146267680133,0.3847431394282489
L000685,0,0.07264440019209147,0.030753458482931165,-0.02030171231735279,-0.6138933709801799,-0.09238743909030678,-0.008714963366191718,0.2597621292495391,-0.4041677086220552,-0.06899996894570645,-0.01663198342839047,0.3847431394282489
L000735,0,0.007869164649343572,0.030753458482931165,-0.1515680983110234,-0.6138933709801799,0.3294045623052862,-0.1286428561133169,-0.21808878065258566,-0.4041677086220552,0.15305117449384148,0.04983992437347198,-0.828378859551275
L000203,1,-0.4004408955910523,0.030753458482931165,0.3258705094222304,-0.6138933709801799,-0.1589482056086457,0.15518505293030488,0.2597621292495391,0.26660366106625594,-0.06899996894570645,-0.01663198342839047,-0.08983301744366297
L000069,0,0.07264440019209147,-0.42654351949368957,-0.1515680983110234,0.43334500139536397,-0.09238743909030678,-0.008714963366191718,-0.21808878065258566,-0.4041677086220552,-0.09440968447107477,0.04983992437347198,0.3847431394282489
L000034,0,0.007869164649343572,0.030753458482931165,0.5561778816700746,-0.6138933709801799,-0.34930193409986465,-0.1286428561133169,-0.15894820560864595,-0.4041677086220552,0.15305117449384148,0.14853649413931486,-0.828378859551275
L000917,0,0.07264440019209147,0.030753458482931165,-0.1515680983110234,0.43334500139536397,0.3294045623052862,-0.027270381633446136,-0.3041302154531437,0.26660366106625594,-0.06899996894570645,-0.0073983074814449245,-0.08983301744366297
L000073,0,0.007869164649343572,-0.4774019367271804,-0.02030171231735279,0.43334500139536397,0.7678138261328047,-0.027270381633446136,0.2597621292495391,-0.4041677086220552,-0.09440968447107477,-0.0073983074814449245,-0.08983301744366297
L000230,0,0.4801317536810237,0.030753458482931165,0.3258705094222304,-0.04894731039431733,0.3294045623052862,-0.008714963366191718,-0.21808878065258566,0.6212103519409292,-0.06899996894570645,0.14853649413931486,0.3847431394282489
L000190,1,0.007869164649343572,0.030753458482931165,-0.02030171231735279,0.43334500139536397,0.3294045623052862,-0.1286428561133169,0.2597621292495391,-0.4041677086220552,-0.06899996894570645,0.14853649413931486,-0.828378859551275
L000945,0,0.007869164649343572,-0.4774019367271804,-0.4333850513104062,-0.6138933709801799,-0.09238743909030678,-0.008714963366191718,-0.21808878065258566,-0.4041677086220552,0.15305117449384148,-0.01663198342839047,0.3847431394282489
L000518,1,0.007869164649343572,0.030753458482931165,-0.1515680983110234,-0.6138933709801799,0.3294045623052862,-0.008714963366191718,-0.21808878065258566,0.26660366106625594,-0.09440968447107477,-0.18538146267680133,0.3847431394282489
L000595,0,-0.4004408955910523,1.078310576350757,-0.02030171231735279,0.43334500139536397,-0.09238743909030678,-0.027270381633446136,0.2597621292495391,0.26660366106625594,0.15305117449384148,0.14853649413931486,0.3847431394282489
L000558,0,0.4801317536810237,-0.42654351949368957,-0.4333850513104062,-0.6138933709801799,-0.09238743909030678,-0.027270381633446136,0.2597621292495391,-0.4041677086220552,-0.06899996894570645,-0.0073983074814449245,0.3847431394282489
L000367,0,0.007869164649343572,0.030753458482931165,0.3258705094222304,0.43334500139536397,-0.09238743909030678,0.15518505293030488,0.7030975114131134,0.26660366106625594,-0.09440968447107477,0.14853649413931486,0.3847431394282489
L000182,1,-0.26876307161585233,-0.42654351949368957,-0.1515680983110234,-0.04894731039431733,-0.09238743909030678,-0.027270381633446136,0.7030975114131134,0.6212103519409292,-0.09440968447107477,-0.18538146267680133,-0.828378859551275
L000202,0,0.007869164649343572,0.030753458482931165,0.3258705094222304,0.8706712115725123,0.3294045623052862,0.15518505293030488,0.7030975114131134,0.6212103519409292,-0.09440968447107477,0.14853649413931486,0.3847431394282489
L000792,1,0.007869164649343572,0.030753458482931165,0.5561778816700746,0.43334500139536397,-0.09238743909030678,-0.1286428561133169,-0.21808878065258566,-0.4041677086220552,-0.06899996894570645,0.14853649413931486,0.3847431394282489
L000910,0,0.007869164649343572,-0.42654351949368957,-0.1515680983110234,0.43334500139536397,-0.34930193409986465,-0.008714963366191718,-0.21808878065258566,0.26660366106625594,-0.06899996894570645,-0.0073983074814449245,0.3847431394282489
L000694,1,-0.4004408955910523,0.030753458482931165,-0.02030171231735279,0.43334500139536397,0.3294045623052862,-0.027270381633446136,-0.21808878065258566,-0.4041677086220552,0.15305117449384148,0.14853649413931486,-0.08983301744366297
L000157,0,0.007869164649343572,0.030753458482931165,-0.02030171231735279,0.43334500139536397,-0.09238743909030678,0.15518505293030488,-0.21808878065258566,0.6212103519409292,-0.06899996894570645,0.04983992437347198,-0.828378859551275
L000092,0,0.07264440019209147,0.030753458482931165,0.3258705094222304,-0.6138933709801799,-0.09238743909030678,-0.1286428561133169,0.2597621292495391,-0.4041677086220552,-0.09440968447107477,0.04983992437347198,-0.08983301744366297
L000729,1,0.07264440019209147,0.030753458482931165,-0.1515680983110234,0.43334500139536397,-0.34930193409986465,0.15518505293030488,-0.21808878065258566,-0.4041677086220552,-0.09440968447107477,0.04983992437347198,-0.828378859551275
L000993,1,0.07264440019209147,0.030753458482931165,-0.02030171231735279,-0.6138933709801799,0.3294045623052862,0.15518505293030488,0.2597621292495391,-0.4041677086220552,-0.06899996894570645,-0.01663198342839047,0.3847431394282489
L000427,1,0.07264440019209147,0.030753458482931165,-0.1515680983110234,0.43334500139536397,-0.09238743909030678,-0.027270381633446136,0.2597621292495391,-0.4041677086220552,-0.09440968447107477,0.04983992437347198,-0.828378859551275
L000569,1,-0.4004408955910523,0.030753458482931165,-0.1515680983110234,0.43334500139536397,-0.34930193409986465,-0.008714963366191718,-0.15894820560864595,-0.4041677086220552,0.15305117449384148,-0.01663198342839047,0.3847431394282489
L000003,0,0.07264440019209147,0.030753458482931165,0.3258705094222304,0.43334500139536397,-0.09238743909030678,-0.1286428561133169,0.2597621292495391,0.26660366106625594,-0.06899996894570645,0.04983992437347198,0.3847431394282489
L000848,0,0.007869164649343572,0.030753458482931165,-0.02030171231735279,0.43334500139536397,0.3294045623052862,-0.027270381633446136,0.2597621292495391,0.26660366106625594,0.15305117449384148,0.04983992437347198,0.3847431394282489
L000095,1,-0.26876307161585233,-0.42654351949368957,-0.02030171231735279,0.43334500139536397,-0.09238743909030678,-0.027270381633446136,-0.3041302154531437,-0.4041677086220552,-0.06899996894570645,-0.18538146267680133,-0.828378859551275
L000653,1,-0.4004408955910523,0.030753458482931165,0.3258705094222304,0.43334500139536397,-0.34930193409986465,-0.008714963366191718,-0.21808878065258566,0.26660366106625594,0.15305117449384148,-0.01663198342839047,-0.828378859551275
L000816,0,0.007869164649343572,0.030753458482931165,0.3258705094222304,0.43334500139536397,-0.09238743909030678,-0.1286428561133169,0.2597621292495391,0.26660366106625594,-0.09440968447107477,-0.18538146267680133,0.3847431394282489
L000753,1,0.007869164649343572,0.030753458482931165,0.3258705094222304,0.43334500139536397,-0.09238743909030678,-0.1286428561133169,-0.15894820560864595,-0.4041677086220552,0.15305117449384148,-0.0073983074814449245,-0.828378859551275
L000119,0,-0.26876307161585233,1.078310576350757,0.3258705094222304,0.43334500139536397,0.3294045623052862,-0.1286428561133169,-0.21808878065258566,0.6212103519409292,-0.09440968447107477,0.04983992437347198,0.3847431394282489
L000418,1,0.007869164649343572,0.030753458482931165,-0.1515680983110234,-1.0752389374828009,0.3294045623052862,-0.008714963366191718,-0.3041302154531437,0.26660366106625594,0.15305117449384148,-0.01663198342839047,0.3847431394282489
L000598,0,-0.26876307161585233,0.030753458482931165,-0.4333850513104062,0.43334500139536397,0.7678138261328047,0.15518505293030488,0.7030975114131134,-0.4041677086220552,0.15305117449384148,0.14853649413931486,-0.08983301744366297
L000862,1,0.007869164649343572,0.030753458482931165,0.3258705094222304,-0.6138933709801799,-0.09238743909030678,-0.027270381633446136,0.2597621292495391,-0.4041677086220552,-0.06899996894570645,-0.18538146267680133,-0.08983301744366297
L000952,0,0.007869164649343572,-0.42654351949368957,-0.02030171231735279,0.43334500139536397,-0.09238743909030678,-0.008714963366191718,-0.21808878065258566,0.6212103519409292,-0.09440968447107477,0.14853649413931486,0.3847431394282489
L000560,1,-0.26876307161585233,0.030753458482931165,-0.1515680983110234,-0.04894731039431733,-0.09238743909030678,-0.008714963366191718,-0.21808878065258566,-0.4041677086220552,-0.09440968447107477,-0.18538146267680133,0.3847431394282489
L000179,0,0.007869164649343572,-0.4774019367271804,0.3258705094222304,0.8706712115725123,-0.09238743909030678,-0.027270381633446136,-0.21808878065258566,-0.4041677086220552,-0.09440968447107477,-0.0073983074814449245,0.3847431394282489
L000674,1,0.007869164649343572,0.030753458482931165,-0.1515680983110234,-0.6138933709801799,0.7678138261328047,-0.027270381633446136,-0.21808878065258566,0.7810590528828254,-0.09440968447107477,0.14853649413931486,-0.08983301744366297
L000783,0,0.007869164649343572,0.030753458482931165,-0.4333850513104062,0.8706712115725123,-0.09238743909030678,0.15518505293030488,-0.21808878065258566,-0.4041677086220552,-0.09440968447107477,0.14853649413931486,0.3847431394282489
L000013,1,-0.26876307161585233,0.030753458482931165,-0.02030171231735279,0.43334500139536397,0.7678138261328047,-0.1286428561133169,-0.3041302154531437,-0.4041677086220552,0.15305117449384148,-0.0073983074814449245,-0.08983301744366297
L000988,1,-0.26876307161585233,-0.4774019367271804,-0.02030171231735279,0.43334500139536397,-0.09238743909030678,-0.008714963366191718,0.2597621292495391,-0.4041677086220552,0.15305117449384148,0.14853649413931486,0.3847431394282489
L000317,0,0.4801317536810237,-0.42654351949368957,-0.02030171231735279,0.43334500139536397,-0.09238743909030678,-0.027270381633446136,-0.21808878065258566,0.26660366106625594,-0.06899996894570645,0.14853649413931486,0.3847431394282489
L000997,1,-0.26876307161585233,0.030753458482931165,-0.4333850513104062,-0.04894731039431733,-0.34930193409986465,-0.1286428561133169,-0.21808878065258566,0.26660366106625594,-0.09440968447107477,-0.18538146267680133,0.3847431394282489
L000738,1,0.07264440019209147,0.030753458482931165,-0.02030171231735279,0.43334500139536397,-0.09238743909030678,0.15518505293030488,0.2597621292495391,0.6212103519409292,-0.09440968447107477,0.14853649413931486,-0.828378859551275
L000692,0,0.007869164649343572,0.030753458482931165,-0.1515680983110234,-0.6138933709801799,-0.34930193409986465,-0.1286428561133169,0.2597621292495391,-0.4041677086220552,-0.06899996894570645,-0.18538146267680133,0.3847431394282489
L000983,0,0.4801317536810237,1.078310576350757,-0.02030171231735279,-0.6138933709801799,-0.09238743909030678,0.15518505293030488,0.7030975114131134,0.6212103519409292,0.15305117449384148,0.14853649413931486,-0.08983301744366297
L000228,0,0.07264440019209147,1.078310576350757,-0.02030171231735279,0.43334500139536397,-0.09238743909030678,0.15518505293030488,0.2597621292495391,0.7810590528828254,-0.09440968447107477,-0.01663198342839047,0.3847431394282489
L000840,1,0.007869164649343572,0.030753458482931165,-0.1515680983110234,-0.6138933709801799,-0.1589482056086457,-0.027270381633446136,-0.21808878065258566,-0.4041677086220552,-0.06899996894570645,0.14853649413931486,-0.828378859551275
L000479,0,0.007869164649343572,0.030753458482931165,0.3258705094222304,-0.04894731039431733,-0.09238743909030678,0.15518505293030488,-0.21808878065258566,0.7810590528828254,-0.09440968447107477,0.04983992437347198,0.3847431394282489
L000068,1,0.007869164649343572,0.030753458482931165,-0.1515680983110234,-0.6138933709801799,-0.09238743909030678,-0.1286428561133169,0.2597621292495391,0.26660366106625594,-0.06899996894570645,0.14853649413931486,-0.828378859551275
L000829,1,0.007869164649343572,-0.42654351949368957,0.3258705094222304,-1.0752389374828009,-0.09238743909030678,0.15518505293030488,-0.21808878065258566,-0.4041677086220552,-0.09440968447107477,0.04983992437347198,-0.08983301744366297
L000167,0,0.007869164649343572,-0.4774019367271804,-0.1515680983110234,-0.6138933709801799,-0.09238743909030678,-0.008714963366191718,-0.21808878065258566,0.26660366106625594,-0.06899996894570645,-0.01663198342839047,0.3847431394282489
L000456,0,0.07264440019209147,0.030753458482931165,-0.02030171231735279,-0.04894731039431733,0.7678138261328047,-0.027270381633446136,-0.21808878065258566,0.6212103519409292,0.15305117449384148,-0.0073983074814449245,0.3847431394282489
L000175,0,0.007869164649343572,0.1392051667104306,-0.1515680983110234,0.43334500139536397,-0.09238743909030678,0.15518505293030488,-0.21808878065258566,0.26660366106625594,-0.06899996894570645,-0.01663198342839047,0.3847431394282489
L000304,0,0.4801317536810237,0.030753458482931165,-0.1515680983110234,0.43334500139536397,0.3294045623052862,-0.008714963366191718,0.2597621292495391,0.26660366106625594,-0.09440968447107477,0.14853649413931486,0.3847431394282489
L000591,1,0.007869164649343572,0.030753458482931165,-0.1515680983110234,0.43334500139536397,0.7678138261328047,-0.1286428561133169,0.2597621292495391,-0.4041677086220552,0.15305117449384148,-0.18538146267680133,0.3847431394282489
L000579,0,0.007869164649343572,0.030753458482931165,-0.02030171231735279,0.43334500139536397,-0.09238743909030678,-0.1286428561133169,-0.21808878065258566,0.6212103519409292,-0.06899996894570645,0.14853649413931486,0.3847431394282489
L000339,1,0.007869164649343572,0.030753458482931165,-0.1515680983110234,-0.6138933709801799,-0.09238743909030678,-0.1286428561133169,-0.15894820560864595,0.26660366106625594,0.15305117449384148,-0.0073983074814449245,0.3847431394282489
L000347,0,0.007869164649343572,0.030753458482931165,-0.1515680983110234,0.43334500139536397,0.3294045623052862,0.15518505293030488,-0.21808878065258566,-0.4041677086220552,0.15305117449384148,-0.01663198342839047,0.3847431394282489
L000077,1,-0.26876307161585233,0.1392051667104306,-0.02030171231735279,-0.6138933709801799,-0.09238743909030678,-0.027270381633446136,0.7030975114131134,-0.4041677086220552,-0.09440968447107477,0.14853649413931486,-0.828378859551275
L000027,1,0.007869164649343572,0.030753458482931165,-0.1515680983110234,-0.6138933709801799,0.7678138261328047,0.15518505293030488,-0.21808878065258566,0.6212103519409292,-0.09440968447107477,-0.18538146267680133,0.3847431394282489
L000918,1,0.07264440019209147,0.030753458482931165,0.3258705094222304,0.43334500139536397,0.3294045623052862,-0.027270381633446136,0.7030975114131134,0.26660366106625594,-0.06899996894570645,-0.01663198342839047,-0.828378859551275
L000845,0,0.007869164649343572,0.030753458482931165,0.3258705094222304,-0.6138933709801799,0.3294045623052862,-0.1286428561133169,-0.21808878065258566,0.26660366106625594,-0.06899996894570645,-0.0073983074814449245,-0.828378859551275
L000731,1,0.007869164649343572,-0.42654351949368957,-0.02030171231735279,-0.6138933709801799,-0.09238743909030678,-0.1286428561133169,-0.21808878065258566,0.26660366106625594,-0.06899996894570645,0.04983992437347198,-0.828378859551275
L000112,1,0.007869164649343572,-0.42654351949368957,-0.02030171231735279,0.43334500139536397,-0.34930193409986465,-0.027270381633446136,-0.21808878065258566,0.7810590528828254,0.15305117449384148,0.04983992437347198,-0.828378859551275
L000776,1,0.007869164649343572,0.030753458482931165,-0.1515680983110234,-0.6138933709801799,-0.09238743909030678,0.15518505293030488,-0.21808878065258566,-0.4041677086220552,0.15305117449384148,-0.18538146267680133,-0.828378859551275
L000237,1,0.007869164649343572,0.030753458482931165,0.3258705094222304,-0.6138933709801799,-0.34930193409986465,-0.1286428561133169,0.2597621292495391,0.7810590528828254,0.15305117449384148,-0.0073983074814449245,0.3847431394282489
L000217,1,0.4801317536810237,-0.42654351949368957,0.3258705094222304,-0.6138933709801799,-0.09238743909030678,0.15518505293030488,0.2597621292495391,0.26660366106625594,-0.09440968447107477,-0.0073983074814449245,0.3847431394282489
L000924,1,0.007869164649343572,0.030753458482931165,-0.02030171231735279,0.43334500139536397,-0.09238743909030678,0.15518505293030488,0.2597621292495391,-0.4041677086220552,-0.06899996894570645,-0.01663198342839047,-0.08983301744366297
L000931,1,-0.4004408955910523,0.030753458482931165,-0.02030171231735279,-0.04894731039431733,-0.09238743909030678,-0.008714963366191718,-0.21808878065258566,-0.4041677086220552,0.15305117449384148,-0.01663198342839047,-0.828378859551275
L000773,1,-0.26876307161585233,0.030753458482931165,-0.1515680983110234,-0.04894731039431733,-0.1589482056086457,0.15518505293030488,-0.3041302154531437,-0.4041677086220552,-0.06899996894570645,0.14853649413931486,-0.08983301744366297
L000071,1,0.007869164649343572,-0.42654351949368957,0.3258705094222304,0.43334500139536397,-0.09238743909030678,-0.1286428561133169,-0.21808878065258566,0.26660366106625594,0.15305117449384148,-0.01663198342839047,-0.828378859551275
L000066,0,0.007869164649343572,-0.42654351949368957,0.3258705094222304,0.43334500139536397,-0.09238743909030678,-0.008714963366191718,0.7030975114131134,-0.3820917569228556,-0.06899996894570645,-0.18538146267680133,0.3847431394282489
L000145,0,0.07264440019209147,0.030753458482931165,0.3258705094222304,-0.04894731039431733,-0.09238743909030678,-0.008714963366191718,-0.21808878065258566,-0.4041677086220552,-0.06899996894570645,-0.0073983074814449245,-0.08983301744366297
L000494,1,0.007869164649343572,0.030753458482931165,-0.1515680983110234,-0.6138933709801799,-0.09238743909030678,-0.1286428561133169,-0.21808878065258566,-0.4041677086220552,-0.06899996894570645,-0.18538146267680133,-0.828378859551275
L000219,0,0.07264440019209147,-0.4774019367271804,0.3258705094222304,-0.6138933709801799,-0.09238743909030678,-0.1286428561133169,-0.15894820560864595,0.26660366106625594,0.15305117449384148,0.14853649413931486,-0.828378859551275
L000014,0,0.007869164649343572,0.030753458482931165,0.3258705094222304,0.8706712115725123,-0.1589482056086457,-0.008714963366191718,0.2597621292495391,0.6212103519409292,-0.06899996894570645,0.14853649413931486,0.3847431394282489
L000850,1,-0.4004408955910523,0.030753458482931165,-0.1515680983110234,-0.6138933709801799,-0.09238743909030678,-0.008714963366191718,0.2597621292495391,-0.4041677086220552,0.15305117449384148,-0.0073983074814449245,0.3847431394282489
L000832,1,0.007869164649343572,0.030753458482931165,-0.02030171231735279,-0.6138933709801799,-0.09238743909030678,0.15518505293030488,-0.21808878065258566,-0.4041677086220552,0.15305117449384148,0.14853649413931486,-0.08983301744366297
L000018,1,0.007869164649343572,0.030753458482931165,-0.1515680983110234,-0.6138933709801799,-0.09238743909030678,-0.008714963366191718,0.2597621292495391,-0.3820917569228556,0.15305117449384148,-0.0073983074814449245,-0.828378859551275
L000594,1,0.007869164649343572,0.030753458482931165,-0.02030171231735279,-0.04894731039431733,0.7678138261328047,0.15518505293030488,-0.21808878065258566,-0.4041677086220552,-0.06899996894570645,-0.01663198342839047,-0.08983301744366297
L000480,0,0.07264440019209147,1.078310576350757,0.3258705094222304,-0.6138933709801799,-0.34930193409986465,-0.027270381633446136,-0.21808878065258566,-0.3820917569228556,-0.06899996894570645,-0.18538146267680133,0.3847431394282489
L000053,0,0.007869164649343572,-0.4774019367271804,-0.1515680983110234,0.43334500139536397,-0.09238743909030678,-0.1286428561133169,0.2597621292495391,0.26660366106625594,-0.06899996894570645,-0.0073983074814449245,0.3847431394282489
L000338,1,0.007869164649343572,-0.42654351949368957,-0.02030171231735279,-0.6138933709801799,-0.09238743909030678,-0.1286428561133169,-0.21808878065258566,0.6212103519409292,-0.09440968447107477,0.04983992437347198,-0.08983301744366297
L000672,1,0.007869164649343572,0.1392051667104306,-0.1515680983110234,-0.6138933709801799,-0.09238743909030678,-0.1286428561133169,0.2597621292495391,0.26660366106625594,-0.09440968447107477,0.14853649413931486,0.3847431394282489
L000151,1,0.4801317536810237,0.030753458482931165,-0.02030171231735279,-0.04894731039431733,-0.09238743909030678,-0.027270381633446136,-0.21808878065258566,0.7810590528828254,-0.09440968447107477,-0.01663198342839047,-0.828378859551275
L000358,0,0.4801317536810237,0.030753458482931165,-0.1515680983110234,-0.6138933709801799,-0.09238743909030678,0.15518505293030488,-0.15894820560864595,0.7810590528828254,0.15305117449384148,-0.18538146267680133,0.3847431394282489
L000081,1,-0.26876307161585233,0.030753458482931165,-0.02030171231735279,-0.6138933709801799,-0.09238743909030678,-0.027270381633446136,-0.3041302154531437,-0.4041677086220552,-0.06899996894570645,0.14853649413931486,0.3847431394282489
L000313,1,0.07264440019209147,-0.4774019367271804,-0.1515680983110234,-0.6138933709801799,-0.09238743909030678,-0.1286428561133169,-0.21808878065258566,-0.4041677086220552,-0.06899996894570645,0.04983992437347198,0.3847431394282489
L000266,0,0.007869164649343572,0.030753458482931165,-0.02030171231735279,-0.04894731039431733,-0.34930193409986465,-0.027270381633446136,0.7030975114131134,0.26660366106625594,0.15305117449384148,-0.0073983074814449245,0.3847431394282489
L000506,1,-0.26876307161585233,0.030753458482931165,-0.1515680983110234,-0.6138933709801799,0.3294045623052862,-0.1286428561133169,-0.3041302154531437,0.26660366106625594,-0.09440968447107477,-0.18538146267680133,0.3847431394282489
L000613,1,0.007869164649343572,0.030753458482931165,0.5561778816700746,-0.6138933709801799,-0.09238743909030678,-0.027270381633446136,-0.21808878065258566,-0.4041677086220552,-0.06899996894570645,-0.01663198342839047,0.3847431394282489
L000076,0,0.4801317536810237,0.1392051667104306,0.3258705094222304,-0.6138933709801799,0.7678138261328047,0.15518505293030488,-0.21808878065258566,-0.3820917569228556,0.15305117449384148,-0.0073983074814449245,-0.08983301744366297
L000926,1,0.07264440019209147,0.030753458482931165,-0.1515680983110234,-0.6138933709801799,-0.09238743909030678,-0.1286428561133169,-0.21808878065258566,-0.4041677086220552,0.15305117449384148,-0.0073983074814449245,0.3847431394282489
L000366,0,0.4801317536810237,-0.42654351949368957,-0.1515680983110234,-0.6138933709801799,-0.09238743909030678,0.15518505293030488,-0.3041302154531437,0.7810590528828254,-0.09440968447107477,0.04983992437347198,-0.08983301744366297
L000173,1,0.007869164649343572,0.030753458482931165,-0.1515680983110234,-0.6138933709801799,-0.09238743909030678,-0.1286428561133169,0.2597621292495391,-0.4041677086220552,-0.09440968447107477,0.04983992437347198,-0.08983301744366297
L000671,0,0.007869164649343572,0.030753458482931165,-0.1515680983110234,-0.6138933709801799,-0.09238743909030678,-0.027270381633446136,-0.21808878065258566,-0.4041677086220552,-0.09440968447107477,0.14853649413931486,0.3847431394282489
L000959,0,0.4801317536810237,0.030753458482931165,0.3258705094222304,0.8706712115725123,0.7678138261328047,0.15518505293030488,0.2597621292495391,-0.4041677086220552,-0.09440968447107477,-0.0073983074814449245,0.3847431394282489
L000222,0,0.07264440019209147,0.1392051667104306,-0.02030171231735279,-0.6138933709801799,-0.09238743909030678,-0.1286428561133169,0.2597621292495391,-0.4041677086220552,0.15305117449384148,-0.18538146267680133,0.3847431394282489
L000666,0,0.07264440019209147,0.030753458482931165,-0.4333850513104062,0.43334500139536397,-0.34930193409986465,0.15518505293030488,0.2597621292495391,-0.4041677086220552,-0.09440968447107477,-0.0073983074814449245,-0.08983301744366297
L000279,0,0.007869164649343572,0.030753458482931165,-0.1515680983110234,0.43334500139536397,0.7678138261328047,-0.008714963366191718,0.2597621292495391,0.26660366106625594,-0.09440968447107477,0.14853649413931486,0.3847431394282489
L000761,1,0.007869164649343572,0.030753458482931165,-0.02030171231735279,-0.6138933709801799,-0.09238743909030678,0.15518505293030488,0.7030975114131134,-0.4041677086220552,-0.09440968447107477,-0.0073983074814449245,0.3847431394282489
L000242,0,0.007869164649343572,0.030753458482931165,-0.4333850513104062,0.43334500139536397,-0.09238743909030678,-0.027270381633446136,0.2597621292495391,0.6212103519409292,-0.09440968447107477,-0.01663198342839047,0.3847431394282489
L000398,0,0.007869164649343572,0.030753458482931165,-0.1515680983110234,0.43334500139536397,0.3294045623052862,-0.1286428561133169,-0.21808878065258566,-0.4041677086220552,-0.06899996894570645,-0.18538146267680133,0.3847431394282489
L000435,1,0.07264440019209147,-0.42654351949368957,-0.4333850513104062,-0.6138933709801799,-0.09238743909030678,-0.027270381633446136,-0.3041302154531437,-0.3820917569228556,0.15305117449384148,0.04983992437347198,-0.08983301744366297
L000625,0,-0.4004408955910523,0.030753458482931165,-0.1515680983110234,0.43334500139536397,-0.34930193409986465,-0.1286428561133169,0.7030975114131134,0.26660366106625594,0.15305117449384148,-0.01663198342839047,-0.828378859551275
L000505,0,0.007869164649343572,-0.42654351949368957,-0.1515680983110234,0.8706712115725123,0.3294045623052862,0.15518505293030488,-0.21808878065258566,-0.4041677086220552,-0.09440968447107477,-0.01663198342839047,0.3847431394282489
L000489,1,-0.26876307161585233,-0.42654351949368957,-0.02030171231735279,-0.04894731039431733,-0.34930193409986465,-0.008714963366191718,-0.21808878065258566,-0.4041677086220552,0.15305117449384148,0.14853649413931486,-0.08983301744366297
L000415,0,0.007869164649343572,-0.42654351949368957,0.5561778816700746,0.8706712115725123,0.7678138261328047,-0.008714963366191718,0.2597621292495391,-0.4041677086220552,0.15305117449384148,0.04983992437347198,0.3847431394282489
L000567,0,0.007869164649343572,-0.42654351949368957,-0.1515680983110234,-0.04894731039431733,-0.09238743909030678,-0.027270381633446136,0.2597621292495391,0.6212103519409292,0.15305117449384148,0.14853649413931486,0.3847431394282489
L000984,1,0.4801317536810237,-0.42654351949368957,-0.1515680983110234,0.43334500139536397,-0.09238743909030678,-0.027270381633446136,-0.15894820560864595,0.26660366106625594,-0.09440968447107477,-0.18538146267680133,-0.828378859551275
L000024,1,0.007869164649343572,0.030753458482931165,-0.02030171231735279,-0.6138933709801799,-0.1589482056086457,-0.027270381633446136,-0.15894820560864595,-0.4041677086220552,-0.06899996894570645,0.04983992437347198,0.3847431394282489
L000374,1,-0.4004408955910523,-0.42654351949368957,-0.4333850513104062,-0.6138933709801799,0.3294045623052862,-0.008714963366191718,-0.21808878065258566,0.6212103519409292,-0.09440968447107477,-0.0073983074814449245,-0.08983301744366297
L000419,1,0.007869164649343572,0.030753458482931165,-0.02030171231735279,-0.6138933709801799,-0.09238743909030678,0.15518505293030488,-0.15894820560864595,-0.4041677086220552,-0.06899996894570645,0.04983992437347198,0.3847431394282489
L000297,0,0.07264440019209147,0.030753458482931165,0.5561778816700746,0.43334500139536397,-0.09238743909030678,-0.027270381633446136,0.2597621292495391,0.26660366106625594,0.15305117449384148,-0.0073983074814449245,0.3847431394282489
L000189,1,0.007869164649343572,0.030753458482931165,-0.1515680983110234,-0.6138933709801799,-0.34930193409986465,-0.027270381633446136,0.2597621292495391,0.6212103519409292,-0.06899996894570645,-0.0073983074814449245,-0.828378859551275
L000004,1,-0.4004408955910523,0.030753458482931165,-0.1515680983110234,-0.6138933709801799,-0.09238743909030678,-0.1286428561133169,0.7030975114131134,-0.4041677086220552,-0.09440968447107477,0.14853649413931486,0.3847431394282489
L000622,0,0.007869164649343572,0.030753458482931165,0.3258705094222304,0.43334500139536397,0.3294045623052862,-0.027270381633446136,-0.3041302154531437,0.6212103519409292,-0.06899996894570645,-0.0073983074814449245,0.3847431394282489
L000327,1,-0.26876307161585233,0.030753458482931165,-0.1515680983110234,-0.6138933709801799,0.3294045623052862,-0.027270381633446136,-0.21808878065258566,-0.4041677086220552,0.15305117449384148,-0.0073983074814449245,0.3847431394282489
L000395,1,-0.4004408955910523,0.030753458482931165,-0.1515680983110234,0.8706712115725123,0.3294045623052862,0.15518505293030488,0.2597621292495391,-0.4041677086220552,0.15305117449384148,-0.01663198342839047,-0.828378859551275
L000656,1,0.007869164649343572,0.030753458482931165,-0.02030171231735279,-0.6138933709801799,-0.09238743909030678,-0.008714963366191718,-0.21808878065258566,-0.4041677086220552,-0.09440968447107477,-0.18538146267680133,-0.828378859551275
L000054,1,0.4801317536810237,-0.42654351949368957,-0.1515680983110234,0.43334500139536397,-0.09238743909030678,-0.008714963366191718,-0.21808878065258566,-0.4041677086220552,-0.09440968447107477,-0.0073983074814449245,-0.828378859551275
L000033,1,0.007869164649343572,0.030753458482931165,-0.1515680983110234,0.43334500139536397,-0.09238743909030678,-0.1286428561133169,0.2597621292495391,0.6212103519409292,-0.09440968447107477,-0.0073983074814449245,-0.828378859551275
L000847,1,0.007869164649343572,0.030753458482931165,-0.1515680983110234,-0.6138933709801799,-0.09238743909030678,-0.1286428561133169,0.2597621292495391,0.26660366106625594,-0.09440968447107477,0.14853649413931486,0.3847431394282489
L000431,0,0.007869164649343572,1.078310576350757,0.5561778816700746,-0.6138933709801799,-0.09238743909030678,0.15518505293030488,0.2597621292495391,0.26660366106625594,-0.06899996894570645,0.04983992437347198,0.3847431394282489
L000110,1,0.007869164649343572,0.030753458482931165,-0.4333850513104062,0.43334500139536397,-0.09238743909030678,0.15518505293030488,-0.21808878065258566,-0.4041677086220552,-0.09440968447107477,0.14853649413931486,0.3847431394282489
L000049,0,-0.26876307161585233,0.030753458482931165,-0.1515680983110234,0.8706712115725123,-0.34930193409986465,-0.1286428561133169,0.2597621292495391,0.26660366106625594,-0.06899996894570645,-0.18538146267680133,-0.08983301744366297
L000881,0,-0.26876307161585233,0.030753458482931165,-0.1515680983110234,0.43334500139536397,-0.34930193409986465,0.15518505293030488,0.2597621292495391,0.26660366106625594,0.15305117449384148,-0.01663198342839047,0.3847431394282489
L000617,1,0.007869164649343572,0.030753458482931165,-0.1515680983110234,-0.6138933709801799,-0.34930193409986465,-0.027270381633446136,0.2597621292495391,0.26660366106625594,0.15305117449384148,-0.18538146267680133,-0.828378859551275
L000767,0,0.007869164649343572,0.030753458482931165,-0.1515680983110234,0.43334500139536397,-0.09238743909030678,-0.1286428561133169,-0.21808878065258566,0.6212103519409292,-0.09440968447107477,0.14853649413931486,0.3847431394282489
L000064,0,0.007869164649343572,0.1392051667104306,-0.02030171231735279,0.43334500139536397,0.3294045623052862,0.15518505293030488,0.2597621292495391,-0.4041677086220552,-0.09440968447107477,-0.18538146267680133,-0.08983301744366297
L000709,0,0.007869164649343572,0.030753458482931165,-0.02030171231735279,-0.6138933709801799,-0.1589482056086457,-0.027270381633446136,0.7030975114131134,-0.4041677086220552,-0.09440968447107477,0.14853649413931486,-0.08983301744366297
L000561,0,0.4801317536810237,0.030753458482931165,-0.1515680983110234,0.43334500139536397,-0.09238743909030678,-0.008714963366191718,-0.21808878065258566,0.6212103519409292,-0.06899996894570645,-0.0073983074814449245,0.3847431394282489
L000097,0,0.4801317536810237,0.030753458482931165,0.3258705094222304,0.8706712115725123,-0.09238743909030678,-0.1286428561133169,-0.21808878065258566,0.6212103519409292,0.15305117449384148,0.14853649413931486,0.3847431394282489
L000843,1,0.4801317536810237,0.030753458482931165,-0.1515680983110234,-0.6138933709801799,-0.34930193409986465,-0.1286428561133169,-0.21808878065258566,-0.3820917569228556,-0.06899996894570645,-0.01663198342839047,-0.08983301744366297
L000937,0,0.007869164649343572,0.030753458482931165,0.3258705094222304,0.8706712115725123,-0.09238743909030678,-0.1286428561133169,-0.21808878065258566,-0.4041677086220552,0.15305117449384148,-0.18538146267680133,0.3847431394282489
L000155,0,0.007869164649343572,0.030753458482931165,0.3258705094222304,0.43334500139536397,-0.34930193409986465,-0.027270381633446136,-0.21808878065258566,0.6212103519409292,-0.09440968447107477,-0.01663198342839047,0.3847431394282489
L000557,1,0.007869164649343572,-0.42654351949368957,-0.02030171231735279,0.43334500139536397,-0.34930193409986465,0.15518505293030488,-0.21808878065258566,-0.4041677086220552,-0.06899996894570645,-0.0073983074814449245,0.3847431394282489
L000830,1,0.007869164649343572,0.030753458482931165,-0.02030171231735279,-1.0752389374828009,-0.09238743909030678,-0.027270381633446136,-0.15894820560864595,-0.4041677086220552,-0.06899996894570645,0.04983992437347198,-0.08983301744366297
L000350,1,-0.4004408955910523,0.030753458482931165,-0.02030171231735279,-0.04894731039431733,-0.09238743909030678,0.15518505293030488,-0.21808878065258566,-0.4041677086220552,-0.09440968447107477,-0.0073983074814449245,0.3847431394282489
L000790,1,0.007869164649343572,0.030753458482931165,-0.1515680983110234,-0.04894731039431733,-0.34930193409986465,0.15518505293030488,-0.15894820560864595,0.26660366106625594,0.15305117449384148,-0.01663198342839047,0.3847431394282489
L000842,1,0.007869164649343572,1.078310576350757,-0.02030171231735279,-0.6138933709801799,0.3294045623052862,-0.008714963366191718,-0.21808878065258566,0.26660366106625594,0.15305117449384148,0.14853649413931486,-0.828378859551275
L000588,1,0.007869164649343572,0.030753458482931165,-0.1515680983110234,-0.6138933709801799,-0.09238743909030678,-0.027270381633446136,-0.21808878065258566,0.26660366106625594,0.15305117449384148,-0.0073983074814449245,-0.828378859551275
L000536,1,0.007869164649343572,-0.42654351949368957,-0.02030171231735279,0.8706712115725123,-0.09238743909030678,0.15518505293030488,0.2597621292495391,0.26660366106625594,-0.09440968447107477,-0.01663198342839047,-0.828378859551275
L000306,1,-0.4004408955910523,0.1392051667104306,0.3258705094222304,0.43334500139536397,-0.1589482056086457,-0.027270381633446136,-0.15894820560864595,0.6212103519409292,-0.09440968447107477,0.04983992437347198,-0.828378859551275
L000059,0,0.007869164649343572,0.030753458482931165,-0.1515680983110234,-1.0752389374828009,-0.09238743909030678,-0.1286428561133169,-0.3041302154531437,-0.4041677086220552,-0.09440968447107477,-0.01663198342839047,0.3847431394282489
L000121,1,0.07264440019209147,0.1392051667104306,0.3258705094222304,-0.6138933709801799,-0.09238743909030678,-0.008714963366191718,-0.21808878065258566,0.6212103519409292,0.15305117449384148,0.04983992437347198,0.3847431394282489
L000962,0,0.007869164649343572,0.030753458482931165,-0.1515680983110234,0.8706712115725123,-0.09238743909030678,0.15518505293030488,0.7030975114131134,-0.4041677086220552,-0.09440968447107477,0.14853649413931486,-0.08983301744366297
L000288,1,0.4801317536810237,0.030753458482931165,0.3258705094222304,-0.6138933709801799,-0.09238743909030678,-0.1286428561133169,0.2597621292495391,-0.4041677086220552,-0.06899996894570645,0.04983992437347198,-0.08983301744366297
L000772,0,-0.26876307161585233,0.030753458482931165,-0.4333850513104062,0.43334500139536397,-0.34930193409986465,-0.1286428561133169,-0.15894820560864595,0.26660366106625594,-0.06899996894570645,0.14853649413931486,0.3847431394282489
L000384,1,0.007869164649343572,0.030753458482931165,-0.4333850513104062,-1.0752389374828009,-0.09238743909030678,-0.1286428561133169,0.7030975114131134,0.26660366106625594,-0.06899996894570645,0.04983992437347198,-0.828378859551275
L000894,1,0.4801317536810237,0.030753458482931165,-0.1515680983110234,0.8706712115725123,-0.09238743909030678,0.15518505293030488,-0.21808878065258566,-0.4041677086220552,-0.06899996894570645,-0.18538146267680133,-0.828378859551275
L000253,0,-0.26876307161585233,0.1392051667104306,0.3258705094222304,-0.04894731039431733,-0.09238743909030678,0.15518505293030488,0.2597621292495391,0.6212103519409292,0.15305117449384148,-0.18538146267680133,-0.08983301744366297
L000751,0,0.4801317536810237,0.030753458482931165,-0.02030171231735279,-0.6138933709801799,0.3294045623052862,-0.008714963366191718,-0.21808878065258566,0.26660366106625594,-0.09440968447107477,0.04983992437347198,0.3847431394282489
L000043,1,0.4801317536810237,0.030753458482931165,0.3258705094222304,0.43334500139536397,-0.09238743909030678,0.15518505293030488,-0.21808878065258566,-0.4041677086220552,-0.06899996894570645,0.04983992437347198,-0.08983301744366297
L000396,1,0.007869164649343572,0.030753458482931165,-0.1515680983110234,-0.6138933709801799,-0.09238743909030678,0.15518505293030488,-0.21808878065258566,-0.4041677086220552,-0.09440968447107477,-0.18538146267680133,-0.828378859551275
L000162,1,0.07264440019209147,0.030753458482931165,-0.02030171231735279,0.8706712115725123,-0.34930193409986465,0.15518505293030488,0.2597621292495391,-0.4041677086220552,-0.09440968447107477,0.14853649413931486,-0.08983301744366297
L000148,1,-0.26876307161585233,-0.42654351949368957,-0.1515680983110234,0.43334500139536397,-0.09238743909030678,0.15518505293030488,-0.21808878065258566,0.6212103519409292,-0.09440968447107477,-0.0073983074814449245,-0.08983301744366297
L000383,0,-0.26876307161585233,0.030753458482931165,-0.1515680983110234,-0.04894731039431733,0.3294045623052862,-0.027270381633446136,0.2597621292495391,0.26660366106625594,-0.09440968447107477,0.14853649413931486,-0.08983301744366297
L000433,0,-0.4004408955910523,0.030753458482931165,-0.1515680983110234,0.43334500139536397,-0.09238743909030678,-0.1286428561133169,-0.21808878065258566,-0.4041677086220552,0.15305117449384148,-0.01663198342839047,-0.828378859551275
L000883,1,-0.26876307161585233,0.030753458482931165,-0.1515680983110234,0.8706712115725123,0.3294045623052862,-0.1286428561133169,-0.21808878065258566,-0.4041677086220552,-0.09440968447107477,0.14853649413931486,-0.08983301744366297
L000916,1,0.007869164649343572,0.030753458482931165,-0.1515680983110234,-1.0752389374828009,-0.09238743909030678,0.15518505293030488,-0.21808878065258566,-0.4041677086220552,-0.09440968447107477,-0.0073983074814449245,-0.828378859551275
L000286,1,-0.4004408955910523,-0.42654351949368957,-0.1515680983110234,0.43334500139536397,-0.09238743909030678,-0.1286428561133169,-0.15894820560864595,-0.4041677086220552,-0.06899996894570645,-0.18538146267680133,0.3847431394282489
L000249,1,0.07264440019209147,0.030753458482931165,-0.1515680983110234,0.43334500139536397,-0.09238743909030678,0.15518505293030488,0.2597621292495391,-0.4041677086220552,-0.06899996894570645,-0.18538146267680133,-0.08983301744366297
L000481,1,0.007869164649343572,0.030753458482931165,-0.02030171231735279,-0.6138933709801799,0.3294045623052862,-0.027270381633446136,-0.21808878065258566,0.26660366106625594,-0.06899996894570645,-0.18538146267680133,0.3847431394282489
L000276,1,-0.4004408955910523,0.030753458482931165,-0.1515680983110234,-1.0752389374828009,-0.09238743909030678,-0.008714963366191718,-0.21808878065258566,-0.4041677086220552,0.15305117449384148,-0.01663198342839047,0.3847431394282489
L000572,1,0.007869164649343572,-0.4774019367271804,-0.4333850513104062,-0.04894731039431733,-0.34930193409986465,-0.027270381633446136,-0.21808878065258566,0.6212103519409292,-0.09440968447107477,-0.0073983074814449245,0.3847431394282489
L000675,0,-0.4004408955910523,0.030753458482931165,-0.02030171231735279,0.43334500139536397,-0.09238743909030678,0.15518505293030488,-0.21808878065258566,0.6212103519409292,0.15305117449384148,0.04983992437347198,0.3847431394282489
L000204,0,0.007869164649343572,0.030753458482931165,-0.1515680983110234,0.43334500139536397,-0.34930193409986465,-0.027270381633446136,0.2597621292495391,-0.4041677086220552,0.15305117449384148,0.04983992437347198,0.3847431394282489
L000089,1,0.007869164649343572,0.030753458482931165,0.3258705094222304,-0.6138933709801799,-0.09238743909030678,-0.027270381633446136,-0.3041302154531437,0.26660366106625594,-0.06899996894570645,-0.18538146267680133,-0.828378859551275
L000635,1,0.007869164649343572,-0.42654351949368957,0.3258705094222304,-0.6138933709801799,-0.09238743909030678,0.15518505293030488,-0.21808878065258566,0.26660366106625594,-0.06899996894570645,0.04983992437347198,0.3847431394282489
L000011,0,-0.4004408955910523,0.030753458482931165,0.3258705094222304,-0.6138933709801799,-0.34930193409986465,-0.027270381633446136,-0.15894820560864595,0.6212103519409292,-0.06899996894570645,-0.0073983074814449245,0.3847431394282489
L000070,0,-0.26876307161585233,-0.42654351949368957,-0.1515680983110234,0.43334500139536397,-0.09238743909030678,0.15518505293030488,-0.21808878065258566,0.6212103519409292,-0.06899996894570645,0.14853649413931486,0.3847431394282489
L000999,0,-0.4004408955910523,0.030753458482931165,-0.1515680983110234,0.43334500139536397,-0.09238743909030678,0.15518505293030488,-0.21808878065258566,0.6212103519409292,-0.06899996894570645,-0.18538146267680133,0.3847431394282489
L000964,1,0.007869164649343572,0.030753458482931165,-0.1515680983110234,-1.0752389374828009,-0.09238743909030678,-0.027270381633446136,-0.3041302154531437,-0.4041677086220552,-0.06899996894570645,-0.01663198342839047,0.3847431394282489
L000471,1,0.007869164649343572,-0.4774019367271804,-0.1515680983110234,-1.0752389374828009,-0.09238743909030678,-0.008714963366191718,-0.21808878065258566,-0.4041677086220552,0.15305117449384148,-0.18538146267680133,0.3847431394282489
L000091,1,0.007869164649343572,0.030753458482931165,-0.02030171231735279,-0.6138933709801799,-0.09238743909030678,-0.027270381633446136,-0.21808878065258566,0.7810590528828254,-0.09440968447107477,0.04983992437347198,0.3847431394282489
L000515,0,0.007869164649343572,0.030753458482931165,-0.02030171231735279,0.8706712115725123,0.3294045623052862,-0.027270381633446136,0.2597621292495391,0.6212103519409292,0.15305117449384148,0.04983992437347198,-0.828378859551275
L000240,1,0.007869164649343572,0.030753458482931165,0.5561778816700746,-0.6138933709801799,-0.09238743909030678,-0.1286428561133169,-0.15894820560864595,0.6212103519409292,-0.06899996894570645,0.04983992437347198,0.3847431394282489
L000277,0,-0.4004408955910523,0.030753458482931165,0.3258705094222304,0.43334500139536397,0.7678138261328047,-0.027270381633446136,0.2597621292495391,-0.4041677086220552,0.15305117449384148,-0.01663198342839047,-0.828378859551275
L000632,0,-0.26876307161585233,0.030753458482931165,-0.1515680983110234,0.43334500139536397,-0.09238743909030678,0.15518505293030488,0.2597621292495391,0.26660366106625594,-0.09440968447107477,-0.01663198342839047,0.3847431394282489
L000255,1,0.007869164649343572,-0.4774019367271804,-0.02030171231735279,0.43334500139536397,0.3294045623052862,0.15518505293030488,-0.21808878065258566,-0.4041677086220552,-0.06899996894570645,-0.18538146267680133,-0.08983301744366297
L000174,1,0.007869164649343572,0.030753458482931165,-0.1515680983110234,0.43334500139536397,-0.09238743909030678,-0.1286428561133169,0.2597621292495391,-0.4041677086220552,-0.09440968447107477,0.04983992437347198,0.3847431394282489
L000596,1,-0.4004408955910523,0.030753458482931165,-0.1515680983110234,0.43334500139536397,-0.34930193409986465,0.15518505293030488,0.2597621292495391,-0.4041677086220552,-0.09440968447107477,0.04983992437347198,0.3847431394282489
L000280,1,-0.4004408955910523,0.030753458482931165,-0.1515680983110234,0.43334500139536397,-0.34930193409986465,-0.1286428561133169,-0.21808878065258566,0.26660366106625594,-0.06899996894570645,-0.0073983074814449245,-0.08983301744366297
L000205,1,0.007869164649343572,0.030753458482931165,-0.02030171231735279,0.43334500139536397,-0.34930193409986465,-0.008714963366191718,-0.21808878065258566,-0.4041677086220552,0.15305117449384148,0.04983992437347198,0.3847431394282489
L000373,0,0.07264440019209147,0.030753458482931165,-0.1515680983110234,-0.04894731039431733,-0.34930193409986465,-0.1286428561133169,0.7030975114131134,0.7810590528828254,-0.09440968447107477,-0.18538146267680133,0.3847431394282489
L000241,1,0.4801317536810237,0.030753458482931165,-0.4333850513104062,0.43334500139536397,0.7678138261328047,-0.008714963366191718,0.2597621292495391,0.26660366106625594,-0.09440968447107477,-0.18538146267680133,-0.08983301744366297
L000370,1,0.007869164649343572,0.030753458482931165,0.3258705094222304,-0.6138933709801799,-0.34930193409986465,-0.1286428561133169,-0.21808878065258566,-0.4041677086220552,-0.06899996894570645,-0.01663198342839047,-0.828378859551275
L000183,0,0.07264440019209147,0.030753458482931165,-0.4333850513104062,0.8706712115725123,0.3294045623052862,0.15518505293030488,0.2597621292495391,0.7810590528828254,0.15305117449384148,0.04983992437347198,0.3847431394282489
L000449,0,0.007869164649343572,0.030753458482931165,-0.02030171231735279,0.8706712115725123,-0.09238743909030678,0.15518505293030488,0.2597621292495391,0.6212103519409292,-0.06899996894570645,0.04983992437347198,0.3847431394282489
L000375,0,0.007869164649343572,0.030753458482931165,-0.1515680983110234,0.43334500139536397,-0.09238743909030678,-0.1286428561133169,-0.21808878065258566,0.6212103519409292,-0.06899996894570645,0.14853649413931486,0.3847431394282489
L000458,0,0.007869164649343572,-0.4774019367271804,-0.02030171231735279,0.43334500139536397,-0.34930193409986465,-0.1286428561133169,0.2597621292495391,0.7810590528828254,-0.09440968447107477,0.04983992437347198,-0.08983301744366297
L000680,1,0.007869164649343572,-0.42654351949368957,0.5561778816700746,-0.04894731039431733,-0.34930193409986465,0.15518505293030488,-0.21808878065258566,0.26660366106625594,-0.06899996894570645,-0.0073983074814449245,0.3847431394282489
L000537,0,-0.26876307161585233,1.078310576350757,-0.02030171231735279,0.43334500139536397,-0.09238743909030678,0.15518505293030488,-0.21808878065258566,-0.4041677086220552,0.15305117449384148,-0.0073983074814449245,-0.828378859551275
L000330,1,0.007869164649343572,0.1392051667104306,0.3258705094222304,0.43334500139536397,-0.09238743909030678,-0.027270381633446136,-0.21808878065258566,-0.4041677086220552,-0.09440968447107477,-0.18538146267680133,-0.08983301744366297
L000301,0,0.4801317536810237,-0.42654351949368957,-0.1515680983110234,0.43334500139536397,-0.09238743909030678,0.15518505293030488,0.2597621292495391,-0.4041677086220552,-0.06899996894570645,0.04983992437347198,-0.828378859551275
L000199,1,0.007869164649343572,0.030753458482931165,-0.1515680983110234,-0.6138933709801799,-0.09238743909030678,-0.1286428561133169,0.2597621292495391,-0.4041677086220552,-0.09440968447107477,-0.0073983074814449245,0.3847431394282489
L000391,0,0.007869164649343572,0.030753458482931165,0.3258705094222304,0.8706712115725123,0.3294045623052862,0.15518505293030488,-0.21808878065258566,0.7810590528828254,0.15305117449384148,-0.0073983074814449245,-0.08983301744366297
L000088,1,0.007869164649343572,0.1392051667104306,-0.1515680983110234,-0.6138933709801799,0.3294045623052862,-0.027270381633446136,0.2597621292495391,-0.4041677086220552,-0.09440968447107477,0.14853649413931486,-0.828378859551275
L000289,0,0.007869164649343572,0.030753458482931165,-0.1515680983110234,0.43334500139536397,-0.09238743909030678,-0.1286428561133169,0.7030975114131134,0.6212103519409292,-0.06899996894570645,0.14853649413931486,0.3847431394282489
L000497,1,0.007869164649343572,0.1392051667104306,0.3258705094222304,-1.0752389374828009,-0.09238743909030678,-0.027270381633446136,-0.15894820560864595,0.26660366106625594,-0.06899996894570645,-0.0073983074814449245,-0.828378859551275
L000629,1,0.07264440019209147,0.030753458482931165,-0.02030171231735279,0.43334500139536397,-0.1589482056086457,-0.027270381633446136,-0.21808878065258566,-0.4041677086220552,0.15305117449384148,-0.0073983074814449245,-0.828378859551275
L000628,0,0.007869164649343572,1.078310576350757,0.5561778816700746,0.8706712115725123,0.3294045623052862,0.15518505293030488,-0.21808878065258566,-0.4041677086220552,-0.09440968447107477,-0.18538146267680133,0.3847431394282489
L000947,0,0.007869164649343572,0.030753458482931165,-0.4333850513104062,-0.04894731039431733,-0.34930193409986465,-0.027270381633446136,-0.21808878065258566,-0.4041677086220552,-0.09440968447107477,0.04983992437347198,-0.08983301744366297
L000780,0,0.4801317536810237,0.030753458482931165,-0.1515680983110234,0.43334500139536397,-0.09238743909030678,-0.1286428561133169,0.7030975114131134,0.26660366106625594,-0.09440968447107477,0.04983992437347198,0.3847431394282489
L000820,0,-0.26876307161585233,0.030753458482931165,-0.4333850513104062,0.43334500139536397,-0.09238743909030678,0.15518505293030488,0.2597621292495391,0.26660366106625594,0.15305117449384148,0.04983992437347198,0.3847431394282489
L000543,1,-0.26876307161585233,-0.42654351949368957,-0.02030171231735279,-1.0752389374828009,-0.34930193409986465,-0.008714963366191718,-0.21808878065258566,0.6212103519409292,-0.06899996894570645,0.04983992437347198,-0.828378859551275
L000715,1,0.007869164649343572,0.030753458482931165,-0.02030171231735279,-0.6138933709801799,-0.09238743909030678,0.15518505293030488,0.2597621292495391,0.7810590528828254,-0.09440968447107477,-0.18538146267680133,-0.828378859551275
L000863,1,0.4801317536810237,0.030753458482931165,0.3258705094222304,0.43334500139536397,-0.09238743909030678,-0.027270381633446136,-0.21808878065258566,-0.4041677086220552,0.15305117449384148,0.14853649413931486,0.3847431394282489
L000724,1,0.007869164649343572,-0.42654351949368957,0.3258705094222304,-0.6138933709801799,-0.1589482056086457,-0.008714963366191718,-0.15894820560864595,-0.4041677086220552,0.15305117449384148,-0.01663198342839047,-0.08983301744366297
L000584,0,0.007869164649343572,0.030753458482931165,0.5561778816700746,0.43334500139536397,0.3294045623052862,-0.027270381633446136,-0.21808878065258566,0.26660366106625594,0.15305117449384148,-0.18538146267680133,0.3847431394282489
L000650,0,-0.26876307161585233,0.1392051667104306,-0.4333850513104062,-0.04894731039431733,-0.09238743909030678,-0.1286428561133169,0.7030975114131134,-0.4041677086220552,-0.09440968447107477,-0.0073983074814449245,-0.828378859551275
L000640,1,-0.4004408955910523,0.030753458482931165,-0.1515680983110234,-0.6138933709801799,-0.09238743909030678,-0.027270381633446136,-0.21808878065258566,-0.4041677086220552,-0.06899996894570645,0.04983992437347198,0.3847431394282489
L000801,1,0.07264440019209147,-0.42654351949368957,-0.1515680983110234,0.43334500139536397,-0.09238743909030678,-0.1286428561133169,-0.21808878065258566,0.26660366106625594,-0.06899996894570645,0.14853649413931486,-0.828378859551275
L000128,0,0.007869164649343572,0.030753458482931165,-0.02030171231735279,-0.04894731039431733,-0.34930193409986465,-0.008714963366191718,-0.15894820560864595,0.7810590528828254,-0.06899996894570645,-0.18538146267680133,-0.08983301744366297
L000212,1,0.07264440019209147,0.030753458482931165,-0.02030171231735279,-1.0752389374828009,0.3294045623052862,-0.008714963366191718,0.2597621292495391,-0.4041677086220552,0.15305117449384148,0.04983992437347198,-0.08983301744366297
L000234,1,0.07264440019209147,0.030753458482931165,-0.02030171231735279,0.43334500139536397,-0.09238743909030678,-0.1286428561133169,-0.21808878065258566,-0.4041677086220552,-0.09440968447107477,-0.18538146267680133,0.3847431394282489
L000833,0,0.007869164649343572,0.030753458482931165,-0.02030171231735279,0.43334500139536397,-0.09238743909030678,-0.008714963366191718,-0.21808878065258566,0.26660366106625594,-0.09440968447107477,-0.01663198342839047,0.3847431394282489
L000320,1,0.007869164649343572,-0.42654351949368957,-0.4333850513104062,0.8706712115725123,-0.09238743909030678,-0.1286428561133169,0.2597621292495391,-0.4041677086220552,-0.06899996894570645,-0.01663198342839047,0.3847431394282489
L000683,0,-0.4004408955910523,0.030753458482931165,-0.02030171231735279,0.43334500139536397,0.7678138261328047,0.15518505293030488,0.2597621292495391,-0.4041677086220552,-0.09440968447107477,-0.0073983074814449245,-0.08983301744366297
L000700,1,0.07264440019209147,1.078310576350757,-0.4333850513104062,-0.04894731039431733,0.3294045623052862,-0.008714963366191718,-0.21808878065258566,-0.4041677086220552,-0.09440968447107477,-0.0073983074814449245,0.3847431394282489
L000611,0,0.007869164649343572,0.030753458482931165,-0.02030171231735279,0.43334500139536397,-0.09238743909030678,-0.027270381633446136,-0.15894820560864595,0.26660366106625594,-0.09440968447107477,0.14853649413931486,0.3847431394282489
L000044,1,0.007869164649343572,0.030753458482931165,-0.1515680983110234,-0.6138933709801799,-0.09238743909030678,-0.008714963366191718,0.2597621292495391,-0.3820917569228556,-0.09440968447107477,0.04983992437347198,-0.08983301744366297
L000895,0,0.007869164649343572,0.030753458482931165,-0.02030171231735279,0.43334500139536397,-0.09238743909030678,0.15518505293030488,-0.3041302154531437,-0.4041677086220552,0.15305117449384148,-0.01663198342839047,-0.828378859551275
L000587,1,0.4801317536810237,-0.4774019367271804,-0.02030171231735279,0.43334500139536397,-0.09238743909030678,-0.027270381633446136,-0.21808878065258566,-0.4041677086220552,-0.09440968447107477,-0.01663198342839047,0.3847431394282489
L000473,1,-0.4004408955910523,0.030753458482931165,-0.02030171231735279,0.8706712115725123,-0.09238743909030678,0.15518505293030488,-0.21808878065258566,-0.4041677086220552,-0.06899996894570645,-0.18538146267680133,-0.828378859551275
L000411,1,0.007869164649343572,0.030753458482931165,-0.02030171231735279,0.43334500139536397,-0.09238743909030678,-0.008714963366191718,-0.21808878065258566,-0.4041677086220552,-0.06899996894570645,-0.0073983074814449245,-0.08983301744366297
L000210,0,0.007869164649343572,1.078310576350757,-0.1515680983110234,0.43334500139536397,0.3294045623052862,-0.027270381633446136,-0.21808878065258566,0.26660366106625594,-0.09440968447107477,-0.01663198342839047,0.3847431394282489
L000150,1,0.007869164649343572,0.030753458482931165,-0.1515680983110234,-1.0752389374828009,-0.09238743909030678,-0.008714963366191718,-0.3041302154531437,0.26660366106625594,-0.06899996894570645,0.04983992437347198,0.3847431394282489
L000682,1,0.007869164649343572,0.030753458482931165,-0.02030171231735279,0.8706712115725123,-0.34930193409986465,-0.008714963366191718,-0.21808878065258566,0.26660366106625594,-0.09440968447107477,-0.01663198342839047,-0.08983301744366297
L000029,1,0.07264440019209147,0.030753458482931165,-0.02030171231735279,0.43334500139536397,-0.09238743909030678,-0.027270381633446136,-0.15894820560864595,-0.4041677086220552,-0.09440968447107477,-0.01663198342839047,-0.08983301744366297
L000252,0,0.007869164649343572,0.030753458482931165,-0.02030171231735279,-1.0752389374828009,-0.09238743909030678,0.15518505293030488,-0.21808878065258566,0.26660366106625594,0.15305117449384148,-0.01663198342839047,-0.08983301744366297
L000436,0,0.07264440019209147,0.030753458482931165,0.3258705094222304,-0.6138933709801799,-0.34930193409986465,0.15518505293030488,0.2597621292495391,0.7810590528828254,-0.09440968447107477,-0.0073983074814449245,-0.08983301744366297
L000626,0,-0.26876307161585233,0.030753458482931165,-0.1515680983110234,0.43334500139536397,-0.09238743909030678,-0.008714963366191718,-0.21808878065258566,-0.4041677086220552,0.15305117449384148,0.14853649413931486,-0.08983301744366297
L000329,1,-0.4004408955910523,-0.4774019367271804,-0.1515680983110234,0.43334500139536397,-0.09238743909030678,-0.1286428561133169,-0.21808878065258566,-0.4041677086220552,-0.06899996894570645,-0.18538146267680133,0.3847431394282489
L000181,1,0.07264440019209147,0.030753458482931165,-0.1515680983110234,-0.6138933709801799,-0.09238743909030678,-0.008714963366191718,-0.21808878065258566,0.26660366106625594,-0.09440968447107477,-0.18538146267680133,0.3847431394282489
L000603,0,0.007869164649343572,-0.42654351949368957,0.5561778816700746,0.43334500139536397,0.3294045623052862,0.15518505293030488,0.2597621292495391,0.26660366106625594,0.15305117449384148,-0.18538146267680133,0.3847431394282489
L000467,0,0.07264440019209147,1.078310576350757,-0.4333850513104062,-0.6138933709801799,-0.09238743909030678,-0.008714963366191718,0.2597621292495391,0.26660366106625594,0.15305117449384148,-0.01663198342839047,-0.828378859551275
L000510,1,0.007869164649343572,-0.42654351949368957,-0.1515680983110234,0.43334500139536397,-0.09238743909030678,-0.008714963366191718,0.2597621292495391,-0.4041677086220552,0.15305117449384148,0.14853649413931486,-0.828378859551275
L000495,0,0.007869164649343572,0.030753458482931165,-0.1515680983110234,0.43334500139536397,-0.09238743909030678,-0.027270381633446136,0.7030975114131134,0.26660366106625594,-0.09440968447107477,-0.0073983074814449245,0.3847431394282489
L000132,1,0.007869164649343572,-0.4774019367271804,-0.02030171231735279,0.43334500139536397,0.7678138261328047,-0.027270381633446136,0.2597621292495391,-0.4041677086220552,-0.09440968447107477,-0.18538146267680133,-0.08983301744366297
L000821,0,0.07264440019209147,0.030753458482931165,-0.02030171231735279,0.43334500139536397,-0.09238743909030678,-0.1286428561133169,-0.21808878065258566,-0.4041677086220552,-0.09440968447107477,0.04983992437347198,-0.828378859551275
L000913,1,0.07264440019209147,0.030753458482931165,0.3258705094222304,0.43334500139536397,-0.34930193409986465,-0.027270381633446136,0.2597621292495391,0.6212103519409292,-0.09440968447107477,-0.18538146267680133,-0.828378859551275
L000755,1,0.07264440019209147,0.030753458482931165,-0.1515680983110234,-0.6138933709801799,-0.09238743909030678,-0.008714963366191718,0.2597621292495391,0.26660366106625594,-0.09440968447107477,-0.18538146267680133,-0.828378859551275
L000171,1,0.07264440019209147,-0.42654351949368957,0.5561778816700746,0.43334500139536397,-0.09238743909030678,-0.1286428561133169,-0.21808878065258566,-0.4041677086220552,-0.06899996894570645,0.14853649413931486,0.3847431394282489
L000342,1,0.007869164649343572,0.030753458482931165,-0.02030171231735279,-0.6138933709801799,0.3294045623052862,0.15518505293030488,-0.21808878065258566,-0.4041677086220552,0.15305117449384148,-0.18538146267680133,0.3847431394282489
L000528,0,0.007869164649343572,0.030753458482931165,-0.1515680983110234,0.43334500139536397,0.3294045623052862,-0.008714963366191718,-0.21808878065258566,-0.4041677086220552,0.15305117449384148,0.04983992437347198,-0.08983301744366297
L000695,0,0.07264440019209147,0.030753458482931165,-0.02030171231735279,0.43334500139536397,0.7678138261328047,-0.1286428561133169,-0.21808878065258566,-0.4041677086220552,-0.06899996894570645,0.04983992437347198,0.3847431394282489
L000461,1,-0.26876307161585233,0.030753458482931165,-0.1515680983110234,0.43334500139536397,0.3294045623052862,-0.027270381633446136,0.2597621292495391,-0.4041677086220552,-0.06899996894570645,0.04983992437347198,0.3847431394282489
L000710,0,0.007869164649343572,-0.42654351949368957,-0.1515680983110234,0.43334500139536397,-0.09238743909030678,-0.008714963366191718,-0.15894820560864595,-0.3820917569228556,0.15305117449384148,0.14853649413931486,0.3847431394282489
L000201,0,0.007869164649343572,0.030753458482931165,0.5561778816700746,0.43334500139536397,-0.09238743909030678,-0.027270381633446136,-0.15894820560864595,-0.4041677086220552,0.15305117449384148,-0.18538146267680133,-0.828378859551275
L000193,1,0.4801317536810237,-0.4774019367271804,-0.1515680983110234,0.43334500139536397,-0.34930193409986465,-0.027270381633446136,-0.21808878065258566,-0.4041677086220552,0.15305117449384148,0.04983992437347198,-0.08983301744366297
L000727,0,0.007869164649343572,0.030753458482931165,-0.1515680983110234,0.8706712115725123,0.3294045623052862,-0.027270381633446136,-0.21808878065258566,0.26660366106625594,-0.06899996894570645,-0.18538146267680133,0.3847431394282489
L000120,1,0.007869164649343572,0.030753458482931165,0.3258705094222304,0.43334500139536397,-0.09238743909030678,-0.027270381633446136,-0.15894820560864595,-0.4041677086220552,0.15305117449384148,0.14853649413931486,0.3847431394282489
L000915,1,0.007869164649343572,0.030753458482931165,-0.02030171231735279,0.8706712115725123,-0.09238743909030678,-0.008714963366191718,0.7030975114131134,0.26660366106625594,-0.09440968447107477,0.14853649413931486,-0.828378859551275
L000244,0,0.4801317536810237,0.030753458482931165,-0.02030171231735279,0.43334500139536397,0.3294045623052862,-0.027270381633446136,0.2597621292495391,0.6212103519409292,-0.09440968447107477,-0.01663198342839047,0.3847431394282489
L000037,1,-0.26876307161585233,0.030753458482931165,-0.1515680983110234,-0.6138933709801799,0.3294045623052862,-0.1286428561133169,-0.3041302154531437,-0.4041677086220552,-0.09440968447107477,0.04983992437347198,-0.828378859551275
L000994,0,0.4801317536810237,0.030753458482931165,-0.1515680983110234,-0.6138933709801799,0.3294045623052862,-0.027270381633446136,-0.21808878065258566,-0.4041677086220552,-0.06899996894570645,-0.18538146267680133,-0.828378859551275
L000581,0,0.007869164649343572,-0.4774019367271804,0.3258705094222304,-1.0752389374828009,-0.09238743909030678,0.15518505293030488,-0.21808878065258566,0.26660366106625594,-0.06899996894570645,-0.18538146267680133,-0.08983301744366297
L000770,0,0.4801317536810237,0.1392051667104306,0.3258705094222304,0.43334500139536397,0.3294045623052862,-0.027270381633446136,0.2597621292495391,-0.4041677086220552,-0.06899996894570645,-0.0073983074814449245,0.3847431394282489
L000348,0,0.007869164649343572,0.030753458482931165,-0.1515680983110234,-0.6138933709801799,-0.09238743909030678,-0.008714963366191718,-0.21808878065258566,-0.4041677086220552,0.15305117449384148,-0.18538146267680133,0.3847431394282489
L000768,0,0.007869164649343572,0.030753458482931165,-0.02030171231735279,0.43334500139536397,-0.09238743909030678,-0.027270381633446136,-0.21808878065258566,0.26660366106625594,-0.06899996894570645,0.04983992437347198,0.3847431394282489
